ciudad,estacion,ciudad_api,fecha,aqi,pm25,pm10,temp,viento,humedad,fecha_descarga
Talca,La Florida 2,"La Florida 2, Chile",2026-04-24 09:00:00,93,93,52,7.2,2,97.3,2026-04-24 14:19:10.867712
Talca,U.C. Maule,"U.C. Maule, Chile",2026-04-24 09:00:00,97,97,55,7.2,2,97.3,2026-04-24 14:19:11.016344
Talca,Universidad de Talca,"Universidad de Talca, Chile",2026-04-24 09:00:00,114,114,113,7.2,2,97.3,2026-04-24 14:19:11.159606
Los Angeles,Los Angeles Oriente,"Los Ángeles Oriente, Chile",2026-04-24 09:00:00,80,80,44,13.5,0.3,85.1,2026-04-24 14:19:11.302423
Los Angeles,21 de Mayo 2,"21 de mayo 2, Chile",2026-04-24 09:00:00,107,107,50,13.1,0.3,86.5,2026-04-24 14:19:11.445364
Talca,La Florida 2,"La Florida 2, Chile",2026-04-24 13:00:00,43,38,43,11.1,3.6,76.4,2026-04-24 18:33:48.311295
Talca,U.C. Maule,"U.C. Maule, Chile",2026-04-24 13:00:00,102,102,26,15.6,4.6,58.1,2026-04-24 18:33:48.483499
Talca,Universidad de Talca,"Universidad de Talca, Chile",2026-04-24 13:00:00,56,34,56,11.1,3.6,76.4,2026-04-24 18:33:48.654865
Los Angeles,Los Angeles Oriente,"Los Ángeles Oriente, Chile",2026-04-24 14:00:00,57,57,33,19.7,2,66,2026-04-24 18:33:48.825782
Los Angeles,21 de Mayo 2,"21 de mayo 2, Chile",2026-04-24 13:00:00,46,46,16,19.1,2,67.5,2026-04-24 18:33:48.997623
Talca,La Florida 2,"La Florida 2, Chile",2026-04-24 14:00:00,62,17,29,15.6,4.6,58.1,2026-04-24 20:12:05.035092
Talca,U.C. Maule,"U.C. Maule, Chile",2026-04-24 15:00:00,34,34,14,15.6,4.6,58.1,2026-04-24 20:12:05.184544
Talca,Universidad de Talca,"Universidad de Talca, Chile",2026-04-24 15:00:00,25,21,25,15.6,4.6,58.1,2026-04-24 20:12:05.332448
Los Angeles,Los Angeles Oriente,"Los Ángeles Oriente, Chile",2026-04-24 16:00:00,122,122,40,18,2,73.5,2026-04-24 20:12:05.48018
Los Angeles,21 de Mayo 2,"21 de mayo 2, Chile",2026-04-24 15:00:00,70,70,36,18.3,2.3,72.5,2026-04-24 20:12:05.628117
Talca,La Florida 2,"La Florida 2, Chile",2026-04-24 17:00:00,23,17,23,15.6,4.6,58.1,2026-04-24 23:13:34.867098
Talca,U.C. Maule,"U.C. Maule, Chile",2026-04-24 18:00:00,19,17,19,15.6,4.6,58.1,2026-04-24 23:13:34.981639
Talca,Universidad de Talca,"Universidad de Talca, Chile",2026-04-24 18:00:00,48,9,48,15.6,4.6,58.1,2026-04-24 23:13:35.09467
Los Angeles,Los Angeles Oriente,"Los Ángeles Oriente, Chile",2026-04-24 18:00:00,162,162,64,15.2,1,83,2026-04-24 23:13:35.208663
Los Angeles,21 de Mayo 2,"21 de mayo 2, Chile",2026-04-24 18:00:00,139,139,59,15.2,1,83,2026-04-24 23:13:35.332524
Talca,La Florida 2,"La Florida 2, Chile",2026-04-25 01:00:00,117,117,47,8.5,4.6,90.3,2026-04-25 06:10:42.19088
Talca,U.C. Maule,"U.C. Maule, Chile",2026-04-25 01:00:00,70,70,30,8.5,4.6,90.3,2026-04-25 06:10:42.343041
Talca,Universidad de Talca,"Universidad de Talca, Chile",2026-04-25 01:00:00,70,70,33,8.5,4.6,90.3,2026-04-25 06:10:42.496781
Los Angeles,Los Angeles Oriente,"Los Ángeles Oriente, Chile",2026-04-25 01:00:00,20,9,20,8.8,0.1,98,2026-04-25 06:10:42.646905
Los Angeles,21 de Mayo 2,"21 de mayo 2, Chile",2026-04-25 01:00:00,25,25,9,8.8,0.1,98,2026-04-25 06:10:42.800005
Talca,La Florida 2,"La Florida 2, Chile",2026-04-25 03:00:00,117,117,44,8.6,2.5,100,2026-04-25 09:43:36.001313
Talca,U.C. Maule,"U.C. Maule, Chile",2026-04-25 04:00:00,55,55,14,7.5,1,100,2026-04-25 09:43:36.120191
Talca,Universidad de Talca,"Universidad de Talca, Chile",2026-04-25 05:00:00,61,61,23,8.6,2.5,100,2026-04-25 09:43:36.237301
Los Angeles,Los Angeles Oriente,"Los Ángeles Oriente, Chile",2026-04-25 05:00:00,21,21,12,10,2.7,85.2,2026-04-25 09:43:36.354097
Los Angeles,21 de Mayo 2,"21 de mayo 2, Chile",2026-04-25 05:00:00,53,53,17,9.8,2.8,85.6,2026-04-25 09:43:36.470771
Talca,La Florida 2,"La Florida 2, Chile",2026-04-25 06:00:00,65,65,20,8.6,2.5,100,2026-04-25 12:02:26.173086
Talca,U.C. Maule,"U.C. Maule, Chile",2026-04-25 07:00:00,46,46,14,8.6,2.5,100,2026-04-25 12:02:26.337114
Talca,Universidad de Talca,"Universidad de Talca, Chile",2026-04-25 07:00:00,50,50,22,8.6,2.5,100,2026-04-25 12:02:26.499742
Los Angeles,Los Angeles Oriente,"Los Ángeles Oriente, Chile",2026-04-25 07:00:00,13,13,11,6.8,0.1,91.1,2026-04-25 12:02:26.704003
Los Angeles,21 de Mayo 2,"21 de mayo 2, Chile",2026-04-25 07:00:00,34,34,17,6.8,0.1,91.1,2026-04-25 12:02:26.895756
Talca,La Florida 2,"La Florida 2, Chile",2026-04-25 09:00:00,34,34,17,8.6,2.5,100,2026-04-25 14:35:34.885738
Talca,U.C. Maule,"U.C. Maule, Chile",2026-04-25 10:00:00,46,46,11,8.6,2.5,100,2026-04-25 14:35:35.001885
Talca,Universidad de Talca,"Universidad de Talca, Chile",2026-04-25 09:00:00,42,42,25,8.6,2.5,100,2026-04-25 14:35:35.116833
Los Angeles,Los Angeles Oriente,"Los Ángeles Oriente, Chile",2026-04-25 10:00:00,17,17,13,14,1.3,66.3,2026-04-25 14:35:35.231774
Los Angeles,21 de Mayo 2,"21 de mayo 2, Chile",2026-04-25 09:00:00,42,42,19,10.4,0.1,79.4,2026-04-25 14:35:35.346129
Talca,La Florida 2,"La Florida 2, Chile",2026-04-25 11:00:00,30,30,17,8.2,3,100,2026-04-25 17:16:24.370688
Talca,U.C. Maule,"U.C. Maule, Chile",2026-04-25 12:00:00,42,42,18,8.2,3,100,2026-04-25 17:16:24.477849
Talca,Universidad de Talca,"Universidad de Talca, Chile",2026-04-25 12:00:00,40,38,40,8.2,3,100,2026-04-25 17:16:24.583513
Los Angeles,Los Angeles Oriente,"Los Ángeles Oriente, Chile",2026-04-25 12:00:00,25,25,16,18.4,1.2,50,2026-04-25 17:16:24.689203
Los Angeles,21 de Mayo 2,"21 de mayo 2, Chile",2026-04-25 12:00:00,50,50,33,18.2,1.5,52,2026-04-25 17:16:24.793884
Talca,La Florida 2,"La Florida 2, Chile",2026-04-25 14:00:00,30,30,20,8.2,3,100,2026-04-25 20:02:09.485948
Talca,U.C. Maule,"U.C. Maule, Chile",2026-04-25 15:00:00,46,46,18,8.2,3,100,2026-04-25 20:02:09.629987
Talca,Universidad de Talca,"Universidad de Talca, Chile",2026-04-25 15:00:00,39,25,39,8.2,3,100,2026-04-25 20:02:09.772233
Los Angeles,Los Angeles Oriente,"Los Ángeles Oriente, Chile",2026-04-25 15:00:00,21,21,17,17.9,2.5,56.7,2026-04-25 20:02:09.915492
Los Angeles,21 de Mayo 2,"21 de mayo 2, Chile",2026-04-25 14:00:00,153,153,37,18,2.5,56,2026-04-25 20:02:10.055204
Talca,La Florida 2,"La Florida 2, Chile",2026-04-25 16:00:00,25,25,20,8.2,3,100,2026-04-25 22:00:20.092077
Talca,U.C. Maule,"U.C. Maule, Chile",2026-04-25 17:00:00,17,17,17,8.2,3,100,2026-04-25 22:00:20.287499
Talca,Universidad de Talca,"Universidad de Talca, Chile",2026-04-25 17:00:00,38,38,22,8.2,3,100,2026-04-25 22:00:20.451531
Los Angeles,Los Angeles Oriente,"Los Ángeles Oriente, Chile",2026-04-25 17:00:00,38,38,19,15.9,2,64,2026-04-25 22:00:20.616923
Los Angeles,21 de Mayo 2,"21 de mayo 2, Chile",2026-04-25 17:00:00,42,42,18,15.5,2,65.2,2026-04-25 22:00:20.783307
Talca,La Florida 2,"La Florida 2, Chile",2026-04-25 17:00:00,34,34,21,8.2,3,100,2026-04-25 23:07:04.508999
Talca,U.C. Maule,"U.C. Maule, Chile",2026-04-25 18:00:00,42,42,18,8.2,3,100,2026-04-25 23:07:04.669362
Talca,Universidad de Talca,"Universidad de Talca, Chile",2026-04-25 18:00:00,40,34,40,8.2,3,100,2026-04-25 23:07:04.829463
Los Angeles,Los Angeles Oriente,"Los Ángeles Oriente, Chile",2026-04-25 18:00:00,38,38,31,12.7,1,76.5,2026-04-25 23:07:04.991883
Los Angeles,21 de Mayo 2,"21 de mayo 2, Chile",2026-04-25 18:00:00,57,57,29,12.6,1,77.1,2026-04-25 23:07:05.155298
Chillan,INIA Chillan,"INIA, Chillán, Chile",2026-04-25 17:00:00,82,82,37,13,1,75.5,2026-04-25 23:07:05.315241
Chillan,Puren,"Puren, Chile",2026-04-25 18:00:00,91,91,39,12.7,1,76.5,2026-04-25 23:07:05.474356
Rancagua,Rancagua II,"Rancagua II, Chile",2026-04-25 18:00:00,59,59,20,17,4.5,59.8,2026-04-25 23:07:05.634756
Rancagua,Rancagua I,"Rancagua I, Chile",2026-04-25 17:00:00,38,38,20,17.1,4.8,59.5,2026-04-25 23:07:05.794149
Temuco,Nielol,"Ñielol, Chile",2026-04-25 18:00:00,21,21,12,11.7,1,61.7,2026-04-25 23:07:05.958702
Temuco,Las Encinas,"Las Encinas Temuco, Chile",2026-04-25 18:00:00,25,25,12,11.7,1,61.7,2026-04-25 23:07:06.119296
Temuco,Padre Las Casas II,"Padre Las Casas II, Chile",2026-04-25 18:00:00,34,34,15,11.7,1,61.7,2026-04-25 23:07:06.278243
Valdivia,Valdivia 2,"Valdivia 2, Chile",2026-04-25 18:00:00,91,91,30,9.4,3.3,93,2026-04-25 23:07:06.436841
Valdivia,Valdivia,"Valdivia, Chile",2026-04-25 18:00:00,34,34,8,9.4,2,95,2026-04-25 23:07:06.595833
Osorno,Osorno,"Osorno, Chile",2026-04-25 18:00:00,53,53,17,9.4,3.3,93,2026-04-25 23:07:06.754899
Talca,La Florida 2,"La Florida 2, Chile",2026-04-25 18:00:00,25,25,20,8.2,3,100,2026-04-26 00:02:24.979186
Talca,U.C. Maule,"U.C. Maule, Chile",2026-04-25 19:00:00,65,65,27,8.2,3,100,2026-04-26 00:02:25.093055
Talca,Universidad de Talca,"Universidad de Talca, Chile",2026-04-25 19:00:00,57,57,40,8.2,3,100,2026-04-26 00:02:25.206494
Los Angeles,Los Angeles Oriente,"Los Ángeles Oriente, Chile",2026-04-25 19:00:00,55,55,31,11.2,0.1,81.6,2026-04-26 00:02:25.319309
Los Angeles,21 de Mayo 2,"21 de mayo 2, Chile",2026-04-25 19:00:00,99,99,51,11.2,0.1,81.4,2026-04-26 00:02:25.43218
Chillan,INIA Chillan,"INIA, Chillán, Chile",2026-04-25 18:00:00,97,97,37,11.6,0.9,79.6,2026-04-26 00:02:25.543717
Chillan,Puren,"Puren, Chile",2026-04-25 19:00:00,78,78,41,11.3,0.9,81.1,2026-04-26 00:02:25.655108
Rancagua,Rancagua II,"Rancagua II, Chile",2026-04-25 19:00:00,61,61,28,15.5,4.2,66.4,2026-04-26 00:02:25.766474
Rancagua,Rancagua I,"Rancagua I, Chile",2026-04-25 18:00:00,38,38,30,15.8,3.5,64.2,2026-04-26 00:02:25.87809
Temuco,Nielol,"Ñielol, Chile",2026-04-25 19:00:00,25,25,12,11.7,1,61.7,2026-04-26 00:02:25.989608
Temuco,Las Encinas,"Las Encinas Temuco, Chile",2026-04-25 19:00:00,59,59,20,11.7,1,61.7,2026-04-26 00:02:26.101611
Valdivia,Valdivia 2,"Valdivia 2, Chile",2026-04-25 19:00:00,91,91,14,9.5,2.7,96.2,2026-04-26 00:02:26.326641
Valdivia,Valdivia,"Valdivia, Chile",2026-04-25 19:00:00,59,59,8,9.6,2.9,95.9,2026-04-26 00:02:26.439458
Osorno,Osorno,"Osorno, Chile",2026-04-25 19:00:00,61,61,26,9.5,2.7,96.2,2026-04-26 00:02:26.551653
Talca,La Florida 2,"La Florida 2, Chile",2026-04-26 01:00:00,95,95,41,12,1.5,68.1,2026-04-26 06:35:26.300396
Talca,U.C. Maule,"U.C. Maule, Chile",2026-04-26 01:00:00,76,76,30,12,1.5,68.1,2026-04-26 06:35:26.44442
Talca,Universidad de Talca,"Universidad de Talca, Chile",2026-04-26 02:00:00,91,91,41,12,1.5,68.1,2026-04-26 06:35:26.585077
Los Angeles,Los Angeles Oriente,"Los Ángeles Oriente, Chile",2026-04-26 02:00:00,127,127,57,7.8,0.3,92.1,2026-04-26 06:35:26.725161
Los Angeles,21 de Mayo 2,"21 de mayo 2, Chile",2026-04-26 01:00:00,290,290,146,7.4,0.2,94,2026-04-26 06:35:26.865602
Chillan,INIA Chillan,"INIA, Chillán, Chile",2026-04-26 01:00:00,104,104,40,7.7,0.2,92,2026-04-26 06:35:27.005824
Chillan,Puren,"Puren, Chile",2026-04-26 01:00:00,80,80,31,7.4,0.2,94,2026-04-26 06:35:27.146088
Rancagua,Rancagua II,"Rancagua II, Chile",2026-04-26 02:00:00,80,80,37,11.6,7.5,66.8,2026-04-26 06:35:27.286695
Rancagua,Rancagua I,"Rancagua I, Chile",2026-04-26 01:00:00,91,91,46,11.6,9,66,2026-04-26 06:35:27.427009
Temuco,Nielol,"Ñielol, Chile",2026-04-26 02:00:00,30,30,6,9.6,1,99.3,2026-04-26 06:35:27.567423
Temuco,Las Encinas,"Las Encinas Temuco, Chile",2026-04-26 02:00:00,34,34,10,9.6,1,99.3,2026-04-26 06:35:27.70787
Temuco,Padre Las Casas II,"Padre Las Casas II, Chile",2026-04-26 01:00:00,55,55,13,9.6,1,99.3,2026-04-26 06:35:27.848072
Valdivia,Valdivia 2,"Valdivia 2, Chile",2026-04-26 01:00:00,151,151,49,10.7,3.2,79.2,2026-04-26 06:35:27.98846
Valdivia,Valdivia,"Valdivia, Chile",2026-04-26 01:00:00,168,168,71,10,2,85,2026-04-26 06:35:28.129048
Osorno,Osorno,"Osorno, Chile",2026-04-26 01:00:00,127,127,51,10.6,2.9,80,2026-04-26 06:35:28.269466
Talca,La Florida 2,"La Florida 2, Chile",2026-04-26 03:00:00,87,87,32,6.4,1,82.9,2026-04-26 10:11:05.028414
Talca,U.C. Maule,"U.C. Maule, Chile",2026-04-26 05:00:00,74,74,22,4.9,3,97.9,2026-04-26 10:11:05.180638
Talca,Universidad de Talca,"Universidad de Talca, Chile",2026-04-26 05:00:00,70,70,32,4.9,3,97.9,2026-04-26 10:11:05.331232
Los Angeles,Los Angeles Oriente,"Los Ángeles Oriente, Chile",2026-04-26 05:00:00,76,76,42,6.2,0.2,97,2026-04-26 10:11:05.483153
Los Angeles,21 de Mayo 2,"21 de mayo 2, Chile",2026-04-26 05:00:00,97,97,30,6.2,0.2,97,2026-04-26 10:11:05.639701
Chillan,INIA Chillan,"INIA, Chillán, Chile",2026-04-26 04:00:00,65,65,20,6.2,0.2,97,2026-04-26 10:11:05.806485
Chillan,Puren,"Puren, Chile",2026-04-26 05:00:00,74,74,26,6.2,0.2,97,2026-04-26 10:11:05.962157
Rancagua,Rancagua II,"Rancagua II, Chile",2026-04-26 05:00:00,85,85,36,10,9,71,2026-04-26 10:11:06.122904
Rancagua,Rancagua I,"Rancagua I, Chile",2026-04-26 05:00:00,87,87,39,10,8.8,70.5,2026-04-26 10:11:06.284257
Temuco,Nielol,"Ñielol, Chile",2026-04-26 05:00:00,9,5,9,7.9,1,100,2026-04-26 10:11:06.45816
Temuco,Las Encinas,"Las Encinas Temuco, Chile",2026-04-26 05:00:00,15,13,15,7.9,1,100,2026-04-26 10:11:06.609483
Temuco,Padre Las Casas II,"Padre Las Casas II, Chile",2026-04-26 05:00:00,38,38,8,7.9,1,100,2026-04-26 10:11:06.762111
Valdivia,Valdivia 2,"Valdivia 2, Chile",2026-04-26 05:00:00,127,127,38,9.6,4.3,61.1,2026-04-26 10:11:06.925366
Valdivia,Valdivia,"Valdivia, Chile",2026-04-26 04:00:00,208,208,110,9.6,4.6,60.4,2026-04-26 10:11:07.076406
Osorno,Osorno,"Osorno, Chile",2026-04-26 05:00:00,42,42,17,9.5,4.1,61.5,2026-04-26 10:11:07.226449
Talca,La Florida 2,"La Florida 2, Chile",2026-04-26 09:00:00,53,53,20,4.9,3,97.9,2026-04-26 14:15:27.399922
Talca,U.C. Maule,"U.C. Maule, Chile",2026-04-26 09:00:00,46,46,12,4.9,3,97.9,2026-04-26 14:15:27.573615
Talca,Universidad de Talca,"Universidad de Talca, Chile",2026-04-26 09:00:00,42,42,16,4.9,3,97.9,2026-04-26 14:15:27.738232
Los Angeles,Los Angeles Oriente,"Los Ángeles Oriente, Chile",2026-04-26 09:00:00,72,72,27,12.3,1.8,79.4,2026-04-26 14:15:27.919459
Los Angeles,21 de Mayo 2,"21 de mayo 2, Chile",2026-04-26 09:00:00,72,72,20,12.3,1.8,79.4,2026-04-26 14:15:28.185845
Chillan,INIA Chillan,"INIA, Chillán, Chile",2026-04-26 09:00:00,72,72,9,12.6,2.4,78.7,2026-04-26 14:15:28.365557
Chillan,Puren,"Puren, Chile",2026-04-26 09:00:00,70,70,20,12.5,2.1,78.8,2026-04-26 14:15:28.559505
Rancagua,Rancagua II,"Rancagua II, Chile",2026-04-26 09:00:00,85,85,33,14.4,13,56,2026-04-26 14:15:28.732452
Rancagua,Rancagua I,"Rancagua I, Chile",2026-04-26 09:00:00,76,76,33,13,10,62.1,2026-04-26 14:15:28.904836
Temuco,Nielol,"Ñielol, Chile",2026-04-26 09:00:00,17,17,10,4.7,1,99.3,2026-04-26 14:15:29.068644
Temuco,Las Encinas,"Las Encinas Temuco, Chile",2026-04-26 09:00:00,68,68,28,4.7,1,99.3,2026-04-26 14:15:29.232804
Temuco,Padre Las Casas II,"Padre Las Casas II, Chile",2026-04-26 09:00:00,124,124,48,4.7,1,99.3,2026-04-26 14:15:29.397194
Valdivia,Valdivia 2,"Valdivia 2, Chile",2026-04-26 09:00:00,57,57,18,6.3,2,82.7,2026-04-26 14:15:29.564612
Valdivia,Valdivia,"Valdivia, Chile",2026-04-26 09:00:00,72,72,23,6.3,1.6,83.6,2026-04-26 14:15:29.730849
Osorno,Osorno,"Osorno, Chile",2026-04-26 08:00:00,89,89,30,6.2,2.2,83,2026-04-26 14:15:29.898207
Talca,La Florida 2,"La Florida 2, Chile",2026-04-26 12:00:00,57,21,57,11.6,5.1,68,2026-04-26 17:16:25.562552
Talca,U.C. Maule,"U.C. Maule, Chile",2026-04-26 11:00:00,25,25,20,11.6,5.1,68,2026-04-26 17:16:25.727562
Talca,Universidad de Talca,"Universidad de Talca, Chile",2026-04-26 12:00:00,57,9,57,11.6,5.1,68,2026-04-26 17:16:25.89179
Los Angeles,Los Angeles Oriente,"Los Ángeles Oriente, Chile",2026-04-26 12:00:00,38,38,22,17.5,3.8,56.8,2026-04-26 17:16:26.057414
Los Angeles,21 de Mayo 2,"21 de mayo 2, Chile",2026-04-26 12:00:00,17,17,9,17.7,3.8,57,2026-04-26 17:16:26.222008
Chillan,INIA Chillan,"INIA, Chillán, Chile",2026-04-26 12:00:00,25,25,2,18.6,1.5,57,2026-04-26 17:16:26.385673
Chillan,Puren,"Puren, Chile",2026-04-26 12:00:00,38,38,12,17.7,3.8,57,2026-04-26 17:16:26.549431
Rancagua,Rancagua II,"Rancagua II, Chile",2026-04-26 12:00:00,38,38,27,17.3,12.7,54.6,2026-04-26 17:16:26.715008
Rancagua,Rancagua I,"Rancagua I, Chile",2026-04-26 12:00:00,50,50,30,18.8,7.5,52.5,2026-04-26 17:16:26.880658
Temuco,Nielol,"Ñielol, Chile",2026-04-26 12:00:00,16,13,16,11.2,1,70.3,2026-04-26 17:16:27.044094
Temuco,Las Encinas,"Las Encinas Temuco, Chile",2026-04-26 12:00:00,46,46,12,11.2,1,70.3,2026-04-26 17:16:27.20787
Temuco,Padre Las Casas II,"Padre Las Casas II, Chile",2026-04-26 11:00:00,25,25,14,11.2,1,70.3,2026-04-26 17:16:27.371604
Valdivia,Valdivia 2,"Valdivia 2, Chile",2026-04-26 12:00:00,21,21,14,14.1,0.8,57.9,2026-04-26 17:16:27.535372
Valdivia,Valdivia,"Valdivia, Chile",2026-04-26 12:00:00,53,53,18,13.3,3,59,2026-04-26 17:16:27.701369
Osorno,Osorno,"Osorno, Chile",2026-04-26 12:00:00,42,42,20,14.1,0.8,57.9,2026-04-26 17:16:27.865083
Talca,La Florida 2,"La Florida 2, Chile",2026-04-26 14:00:00,20,17,32,16.9,5.1,48.3,2026-04-26 20:04:17.801897
Talca,U.C. Maule,"U.C. Maule, Chile",2026-04-26 15:00:00,22,21,22,16.9,5.1,48.3,2026-04-26 20:04:17.966105
Talca,Universidad de Talca,"Universidad de Talca, Chile",2026-04-26 15:00:00,35,9,35,16.9,5.1,48.3,2026-04-26 20:04:18.128611
Los Angeles,Los Angeles Oriente,"Los Ángeles Oriente, Chile",2026-04-26 15:00:00,10,5,10,18.2,2.4,56.4,2026-04-26 20:04:18.291278
Los Angeles,21 de Mayo 2,"21 de mayo 2, Chile",2026-04-26 15:00:00,53,53,24,17.9,2.3,57,2026-04-26 20:04:18.453946
Chillan,INIA Chillan,"INIA, Chillán, Chile",2026-04-26 15:00:00,34,34,4,18,2.4,56.7,2026-04-26 20:04:18.616313
Chillan,Puren,"Puren, Chile",2026-04-26 15:00:00,17,17,15,17.9,2.3,57,2026-04-26 20:04:18.779644
Rancagua,Rancagua II,"Rancagua II, Chile",2026-04-26 15:00:00,19,17,19,19.9,11.2,47.7,2026-04-26 20:04:18.942465
Rancagua,Rancagua I,"Rancagua I, Chile",2026-04-26 15:00:00,42,42,33,19.9,11,47.7,2026-04-26 20:04:19.105321
Temuco,Nielol,"Ñielol, Chile",2026-04-26 15:00:00,13,13,13,11.2,1,70.3,2026-04-26 20:04:19.268263
Temuco,Las Encinas,"Las Encinas Temuco, Chile",2026-04-26 15:00:00,25,25,8,11.2,1,70.3,2026-04-26 20:04:19.433204
Temuco,Padre Las Casas II,"Padre Las Casas II, Chile",2026-04-26 15:00:00,30,30,10,11.2,1,70.3,2026-04-26 20:04:19.595663
Valdivia,Valdivia 2,"Valdivia 2, Chile",2026-04-26 15:00:00,34,34,8,13.6,0.2,54.8,2026-04-26 20:04:19.758846
Valdivia,Valdivia,"Valdivia, Chile",2026-04-26 15:00:00,34,34,18,13.7,0.2,54.6,2026-04-26 20:04:19.921247
Osorno,Osorno,"Osorno, Chile",2026-04-26 15:00:00,50,50,15,13.6,0.2,54.8,2026-04-26 20:04:20.084149
Talca,La Florida 2,"La Florida 2, Chile",2026-04-26 16:00:00,34,34,32,16.9,5.1,48.3,2026-04-26 22:01:52.75919
Talca,U.C. Maule,"U.C. Maule, Chile",2026-04-26 17:00:00,30,30,17,16.9,5.1,48.3,2026-04-26 22:01:52.923776
Talca,Universidad de Talca,"Universidad de Talca, Chile",2026-04-26 17:00:00,34,34,30,16.9,5.1,48.3,2026-04-26 22:01:53.086504
Los Angeles,Los Angeles Oriente,"Los Ángeles Oriente, Chile",2026-04-26 17:00:00,10,5,10,16.2,1.6,63.4,2026-04-26 22:01:53.2508
Los Angeles,21 de Mayo 2,"21 de mayo 2, Chile",2026-04-26 17:00:00,38,38,13,16,1.7,64.7,2026-04-26 22:01:53.413145
Chillan,INIA Chillan,"INIA, Chillán, Chile",2026-04-26 16:00:00,25,25,7,16.2,1.6,63.4,2026-04-26 22:01:53.576791
Chillan,Puren,"Puren, Chile",2026-04-26 17:00:00,17,17,14,16,1.7,64.7,2026-04-26 22:01:53.739713
Rancagua,Rancagua II,"Rancagua II, Chile",2026-04-26 16:00:00,34,34,16,19.5,7.7,42,2026-04-26 22:01:53.902092
Rancagua,Rancagua I,"Rancagua I, Chile",2026-04-26 16:00:00,38,38,22,19.5,7.6,42.8,2026-04-26 22:01:54.064902
Temuco,Nielol,"Ñielol, Chile",2026-04-26 17:00:00,25,25,11,11.2,1,70.3,2026-04-26 22:01:54.227356
Temuco,Las Encinas,"Las Encinas Temuco, Chile",2026-04-26 17:00:00,50,50,13,11.2,1,70.3,2026-04-26 22:01:54.390079
Temuco,Padre Las Casas II,"Padre Las Casas II, Chile",2026-04-26 17:00:00,38,38,7,11.2,1,70.3,2026-04-26 22:01:54.553092
Valdivia,Valdivia 2,"Valdivia 2, Chile",2026-04-26 17:00:00,34,34,20,10.7,1.7,71.2,2026-04-26 22:01:54.715552
Valdivia,Valdivia,"Valdivia, Chile",2026-04-26 16:00:00,50,50,23,10.9,1,68.2,2026-04-26 22:01:54.879746
Osorno,Osorno,"Osorno, Chile",2026-04-26 17:00:00,34,34,11,10.7,1.7,71.2,2026-04-26 22:01:55.043999
Talca,La Florida 2,"La Florida 2, Chile",2026-04-26 19:00:00,25,21,25,16.9,5.1,48.3,2026-04-27 00:04:52.90845
Talca,U.C. Maule,"U.C. Maule, Chile",2026-04-26 19:00:00,30,30,11,16.9,5.1,48.3,2026-04-27 00:04:53.083062
Talca,Universidad de Talca,"Universidad de Talca, Chile",2026-04-26 19:00:00,51,30,51,16.9,5.1,48.3,2026-04-27 00:04:53.255003
Los Angeles,Los Angeles Oriente,"Los Ángeles Oriente, Chile",2026-04-26 19:00:00,21,21,14,11.5,0.4,81.6,2026-04-27 00:04:53.428288
Los Angeles,21 de Mayo 2,"21 de mayo 2, Chile",2026-04-26 19:00:00,42,42,19,11.1,0.3,83.1,2026-04-27 00:04:53.599814
Chillan,INIA Chillan,"INIA, Chillán, Chile",2026-04-26 19:00:00,61,61,12,11,0.2,83.3,2026-04-27 00:04:53.771319
Chillan,Puren,"Puren, Chile",2026-04-26 19:00:00,65,65,28,11.1,0.3,83.1,2026-04-27 00:04:53.943555
Rancagua,Rancagua II,"Rancagua II, Chile",2026-04-26 19:00:00,50,50,28,16.2,8.2,49.2,2026-04-27 00:04:54.115435
Rancagua,Rancagua I,"Rancagua I, Chile",2026-04-26 19:00:00,42,42,35,16.1,8.5,49.2,2026-04-27 00:04:54.288235
Temuco,Nielol,"Ñielol, Chile",2026-04-26 19:00:00,59,59,13,11.2,1,70.3,2026-04-27 00:04:54.460178
Temuco,Las Encinas,"Las Encinas Temuco, Chile",2026-04-26 19:00:00,104,104,36,11.2,1,70.3,2026-04-27 00:04:54.631787
Temuco,Padre Las Casas II,"Padre Las Casas II, Chile",2026-04-26 18:00:00,68,68,23,11.2,1,70.3,2026-04-27 00:04:54.803653
Valdivia,Valdivia 2,"Valdivia 2, Chile",2026-04-26 19:00:00,95,95,51,9.2,2.7,76.8,2026-04-27 00:04:54.976758
Valdivia,Valdivia,"Valdivia, Chile",2026-04-26 19:00:00,127,127,54,8.9,3,78.6,2026-04-27 00:04:55.148582
Osorno,Osorno,"Osorno, Chile",2026-04-26 19:00:00,208,208,111,9.2,2.7,76.8,2026-04-27 00:04:55.320353
Talca,La Florida 2,"La Florida 2, Chile",2026-04-27 03:00:00,42,42,18,4.2,2,91.9,2026-04-27 09:36:03.189356
Talca,U.C. Maule,"U.C. Maule, Chile",2026-04-27 04:00:00,34,34,10,6.1,3,80,2026-04-27 09:36:03.333407
Talca,Universidad de Talca,"Universidad de Talca, Chile",2026-04-27 03:00:00,38,38,18,6.1,3,80,2026-04-27 09:36:03.476099
Los Angeles,Los Angeles Oriente,"Los Ángeles Oriente, Chile",2026-04-27 05:00:00,21,21,20,6.7,0.4,88,2026-04-27 09:36:03.618896
Los Angeles,21 de Mayo 2,"21 de mayo 2, Chile",2026-04-27 04:00:00,46,46,20,6.6,0.2,85,2026-04-27 09:36:03.761439
Chillan,INIA Chillan,"INIA, Chillán, Chile",2026-04-27 04:00:00,25,25,10,6.8,0.3,87.6,2026-04-27 09:36:03.904069
Chillan,Puren,"Puren, Chile",2026-04-27 04:00:00,46,46,13,6.6,0.2,85.1,2026-04-27 09:36:04.050515
Rancagua,Rancagua II,"Rancagua II, Chile",2026-04-27 04:00:00,91,91,41,7.8,7.2,78.8,2026-04-27 09:36:04.193778
Rancagua,Rancagua I,"Rancagua I, Chile",2026-04-27 04:00:00,59,59,31,7.8,7.2,78.8,2026-04-27 09:36:04.341603
Temuco,Nielol,"Ñielol, Chile",2026-04-27 05:00:00,107,107,38,5.2,1,100,2026-04-27 09:36:04.485441
Temuco,Las Encinas,"Las Encinas Temuco, Chile",2026-04-27 04:00:00,102,102,35,3.3,1,100,2026-04-27 09:36:04.628116
Temuco,Padre Las Casas II,"Padre Las Casas II, Chile",2026-04-27 04:00:00,70,70,23,3.3,1,100,2026-04-27 09:36:04.770794
Valdivia,Valdivia 2,"Valdivia 2, Chile",2026-04-27 04:00:00,80,80,27,7.8,0.7,92.8,2026-04-27 09:36:04.913156
Valdivia,Valdivia,"Valdivia, Chile",2026-04-27 04:00:00,76,76,26,7.7,0.4,95.4,2026-04-27 09:36:05.055466
Osorno,Osorno,"Osorno, Chile",2026-04-27 04:00:00,50,50,18,7.8,0.5,93.1,2026-04-27 09:36:05.197613
Talca,La Florida 2,"La Florida 2, Chile",2026-04-27 10:00:00,42,42,21,8.5,3.6,77,2026-04-27 16:05:40.53958
Talca,U.C. Maule,"U.C. Maule, Chile",2026-04-27 11:00:00,25,25,19,8.5,3.6,77,2026-04-27 16:05:40.658988
Talca,Universidad de Talca,"Universidad de Talca, Chile",2026-04-27 11:00:00,38,38,30,8.5,3.6,77,2026-04-27 16:05:40.776974
Los Angeles,Los Angeles Oriente,"Los Ángeles Oriente, Chile",2026-04-27 11:00:00,50,50,28,13.6,0.2,61.5,2026-04-27 16:05:40.896996
Los Angeles,21 de Mayo 2,"21 de mayo 2, Chile",2026-04-27 11:00:00,59,59,25,13.6,0.2,61.5,2026-04-27 16:05:41.017587
Chillan,INIA Chillan,"INIA, Chillán, Chile",2026-04-27 11:00:00,57,57,13,15.5,0.2,63,2026-04-27 16:05:41.136607
Chillan,Puren,"Puren, Chile",2026-04-27 11:00:00,55,55,26,13.6,0.2,61.5,2026-04-27 16:05:41.254768
Rancagua,Rancagua II,"Rancagua II, Chile",2026-04-27 11:00:00,65,65,39,11.8,4.1,73.6,2026-04-27 16:05:41.373133
Rancagua,Rancagua I,"Rancagua I, Chile",2026-04-27 10:00:00,72,72,60,11.6,4.3,74,2026-04-27 16:05:41.494815
Temuco,Nielol,"Ñielol, Chile",2026-04-27 11:00:00,97,97,41,7.1,0.5,100,2026-04-27 16:05:41.614162
Temuco,Las Encinas,"Las Encinas Temuco, Chile",2026-04-27 11:00:00,114,114,44,7.1,0.5,100,2026-04-27 16:05:41.737234
Temuco,Padre Las Casas II,"Padre Las Casas II, Chile",2026-04-27 11:00:00,61,61,28,7.1,0.5,100,2026-04-27 16:05:41.856987
Valdivia,Valdivia 2,"Valdivia 2, Chile",2026-04-27 11:00:00,55,55,21,7.2,2.1,95.8,2026-04-27 16:05:41.977226
Valdivia,Valdivia,"Valdivia, Chile",2026-04-27 10:00:00,38,38,19,7.2,2.2,96,2026-04-27 16:05:42.096107
Osorno,Osorno,"Osorno, Chile",2026-04-27 11:00:00,57,57,20,7.2,2.1,95.8,2026-04-27 16:05:42.214099
Talca,La Florida 2,"La Florida 2, Chile",2026-04-27 15:00:00,55,55,43,11.5,1.5,66.2,2026-04-27 20:46:42.749345
Talca,U.C. Maule,"U.C. Maule, Chile",2026-04-27 16:00:00,59,59,35,11.5,1.5,66.2,2026-04-27 20:46:42.910567
Talca,Universidad de Talca,"Universidad de Talca, Chile",2026-04-27 16:00:00,63,63,59,11.5,1.5,66.2,2026-04-27 20:46:43.063899
Los Angeles,Los Angeles Oriente,"Los Ángeles Oriente, Chile",2026-04-27 16:00:00,153,153,57,13.3,0.1,82.6,2026-04-27 20:46:43.214405
Los Angeles,21 de Mayo 2,"21 de mayo 2, Chile",2026-04-27 16:00:00,134,134,47,13.2,0.2,83.3,2026-04-27 20:46:43.365645
Chillan,INIA Chillan,"INIA, Chillán, Chile",2026-04-27 15:00:00,59,59,14,13.3,0.5,82.5,2026-04-27 20:46:43.516033
Chillan,Puren,"Puren, Chile",2026-04-27 15:00:00,53,53,32,13.3,0.5,82.4,2026-04-27 20:46:43.669862
Rancagua,Rancagua II,"Rancagua II, Chile",2026-04-27 15:00:00,42,42,41,17.7,8,61,2026-04-27 20:46:43.821788
Rancagua,Rancagua I,"Rancagua I, Chile",2026-04-27 14:00:00,42,42,47,17.7,8,62,2026-04-27 20:46:43.97123
Temuco,Nielol,"Ñielol, Chile",2026-04-27 16:00:00,72,72,27,9.2,1.5,91,2026-04-27 20:46:44.121054
Temuco,Las Encinas,"Las Encinas Temuco, Chile",2026-04-27 16:00:00,65,65,23,9.2,1.5,91,2026-04-27 20:46:44.274423
Temuco,Padre Las Casas II,"Padre Las Casas II, Chile",2026-04-27 16:00:00,57,57,20,9.2,1.5,91,2026-04-27 20:46:44.424327
Valdivia,Valdivia 2,"Valdivia 2, Chile",2026-04-27 13:00:00,55,55,19,9.5,0.1,98.7,2026-04-27 20:46:44.574165
Valdivia,Valdivia,"Valdivia, Chile",2026-04-27 16:00:00,63,63,15,9.9,0.1,99,2026-04-27 20:46:44.724255
Osorno,Osorno,"Osorno, Chile",2026-04-27 16:00:00,65,65,20,9.9,0.1,99,2026-04-27 20:46:44.873881
Talca,La Florida 2,"La Florida 2, Chile",2026-04-27 18:00:00,91,91,59,11.5,1.5,66.2,2026-04-27 23:44:14.860929
Talca,U.C. Maule,"U.C. Maule, Chile",2026-04-27 19:00:00,91,91,49,11.5,1.5,66.2,2026-04-27 23:44:15.031692
Talca,Universidad de Talca,"Universidad de Talca, Chile",2026-04-27 19:00:00,60,63,60,11.5,1.5,66.2,2026-04-27 23:44:15.202228
Los Angeles,Los Angeles Oriente,"Los Ángeles Oriente, Chile",2026-04-27 19:00:00,72,72,46,10.8,0.2,97,2026-04-27 23:44:15.371774
Los Angeles,21 de Mayo 2,"21 de mayo 2, Chile",2026-04-27 19:00:00,102,102,30,10.9,0.2,97.2,2026-04-27 23:44:15.542264
Chillan,INIA Chillan,"INIA, Chillán, Chile",2026-04-27 19:00:00,104,104,28,11,0.2,97.3,2026-04-27 23:44:15.712087
Chillan,Puren,"Puren, Chile",2026-04-27 18:00:00,99,99,38,11,0.2,95.5,2026-04-27 23:44:15.881382
Rancagua,Rancagua II,"Rancagua II, Chile",2026-04-27 19:00:00,85,85,53,15.2,3.3,59.1,2026-04-27 23:44:16.052557
Rancagua,Rancagua I,"Rancagua I, Chile",2026-04-27 19:00:00,91,91,63,15.2,3.4,59.8,2026-04-27 23:44:16.22336
Temuco,Nielol,"Ñielol, Chile",2026-04-27 19:00:00,112,112,39,9.2,1.5,91,2026-04-27 23:44:16.393221
Temuco,Las Encinas,"Las Encinas Temuco, Chile",2026-04-27 18:00:00,63,63,27,9.2,1.5,91,2026-04-27 23:44:16.562459
Temuco,Padre Las Casas II,"Padre Las Casas II, Chile",2026-04-27 18:00:00,50,50,9,9.2,1.5,91,2026-04-27 23:44:16.745115
Valdivia,Valdivia 2,"Valdivia 2, Chile",2026-04-27 18:00:00,5,5,19,9.4,0.1,99,2026-04-27 23:44:16.914661
Valdivia,Valdivia,"Valdivia, Chile",2026-04-27 18:00:00,80,80,24,9.4,0.1,99,2026-04-27 23:44:17.084182
Osorno,Osorno,"Osorno, Chile",2026-04-27 19:00:00,85,85,30,9.4,0.1,99,2026-04-27 23:44:17.254026
Talca,La Florida 2,"La Florida 2, Chile",2026-04-28 02:00:00,80,80,33,8.8,2.5,100,2026-04-28 08:02:04.188754
Talca,U.C. Maule,"U.C. Maule, Chile",2026-04-28 03:00:00,61,61,14,8.8,2.5,100,2026-04-28 08:02:04.306623
Talca,Universidad de Talca,"Universidad de Talca, Chile",2026-04-28 03:00:00,85,85,36,8.8,2.5,100,2026-04-28 08:02:04.422489
Los Angeles,Los Angeles Oriente,"Los Ángeles Oriente, Chile",2026-04-28 03:00:00,55,55,23,10.6,0.2,99,2026-04-28 08:02:04.538431
Los Angeles,21 de Mayo 2,"21 de mayo 2, Chile",2026-04-28 03:00:00,59,59,17,10.5,0.2,99,2026-04-28 08:02:04.656543
Chillan,INIA Chillan,"INIA, Chillán, Chile",2026-04-28 02:00:00,99,99,33,10.5,0.2,99,2026-04-28 08:02:04.772613
Chillan,Puren,"Puren, Chile",2026-04-28 03:00:00,117,117,46,10.5,0.2,99,2026-04-28 08:02:04.888475
Rancagua,Rancagua II,"Rancagua II, Chile",2026-04-28 03:00:00,65,65,30,11.4,1.7,82.7,2026-04-28 08:02:05.00627
Rancagua,Rancagua I,"Rancagua I, Chile",2026-04-28 02:00:00,70,70,37,11.1,1.6,82.3,2026-04-28 08:02:05.122757
Temuco,Nielol,"Ñielol, Chile",2026-04-28 02:00:00,61,61,20,9.6,1,100,2026-04-28 08:02:05.239272
Temuco,Las Encinas,"Las Encinas Temuco, Chile",2026-04-28 03:00:00,34,34,9,9.6,1,100,2026-04-28 08:02:05.355752
Temuco,Padre Las Casas II,"Padre Las Casas II, Chile",2026-04-28 03:00:00,55,55,14,9.6,1,100,2026-04-28 08:02:05.472001
Valdivia,Valdivia 2,"Valdivia 2, Chile",2026-04-28 02:00:00,5,5,1,10,0.4,99,2026-04-28 08:02:05.588197
Valdivia,Valdivia,"Valdivia, Chile",2026-04-28 02:00:00,42,42,41,10,0.5,99,2026-04-28 08:02:05.704321
Osorno,Osorno,"Osorno, Chile",2026-04-28 03:00:00,42,42,10,10,0.4,99,2026-04-28 08:02:05.823137
Talca,La Florida 2,"La Florida 2, Chile",2026-04-28 15:00:00,85,85,33,14.7,2.5,85,2026-04-28 20:58:29.234644
Talca,U.C. Maule,"U.C. Maule, Chile",2026-04-28 16:00:00,91,91,31,14.7,2.5,85,2026-04-28 20:58:29.374513
Talca,Universidad de Talca,"Universidad de Talca, Chile",2026-04-28 16:00:00,74,74,36,14.7,2.5,85,2026-04-28 20:58:29.51297
Los Angeles,Los Angeles Oriente,"Los Ángeles Oriente, Chile",2026-04-28 16:00:00,85,85,27,13.3,2.3,98.6,2026-04-28 20:58:29.651502
Los Angeles,21 de Mayo 2,"21 de mayo 2, Chile",2026-04-28 16:00:00,93,93,35,13.1,3,98.8,2026-04-28 20:58:29.790253
Chillan,INIA Chillan,"INIA, Chillán, Chile",2026-04-28 16:00:00,21,21,4,13.1,3,98.8,2026-04-28 20:58:29.929287
Chillan,Puren,"Puren, Chile",2026-04-28 16:00:00,34,34,19,13.1,3,98.8,2026-04-28 20:58:30.068601
Rancagua,Rancagua II,"Rancagua II, Chile",2026-04-28 16:00:00,46,46,37,22.6,3.4,57.3,2026-04-28 20:58:30.207157
Rancagua,Rancagua I,"Rancagua I, Chile",2026-04-28 16:00:00,45,38,45,22.6,3.4,57.3,2026-04-28 20:58:30.345919
Temuco,Nielol,"Ñielol, Chile",2026-04-28 16:00:00,74,74,23,13.8,3,94.3,2026-04-28 20:58:30.484409
Temuco,Las Encinas,"Las Encinas Temuco, Chile",2026-04-28 16:00:00,34,34,7,13.8,3,94.3,2026-04-28 20:58:30.62414
Temuco,Padre Las Casas II,"Padre Las Casas II, Chile",2026-04-28 16:00:00,70,70,16,13.8,3,94.3,2026-04-28 20:58:30.762706
Valdivia,Valdivia 2,"Valdivia 2, Chile",2026-04-28 16:00:00,5,5,1,13.4,3.7,97.1,2026-04-28 20:58:30.901193
Valdivia,Valdivia,"Valdivia, Chile",2026-04-28 15:00:00,17,17,6,13.3,4,97.1,2026-04-28 20:58:31.03968
Osorno,Osorno,"Osorno, Chile",2026-04-28 16:00:00,30,30,11,13.5,4.2,97,2026-04-28 20:58:31.178092
Talca,La Florida 2,"La Florida 2, Chile",2026-04-28 19:00:00,109,109,51,14.7,2.5,85,2026-04-29 00:12:39.781549
Talca,U.C. Maule,"U.C. Maule, Chile",2026-04-28 19:00:00,95,95,39,14.7,2.5,85,2026-04-29 00:12:39.934817
Talca,Universidad de Talca,"Universidad de Talca, Chile",2026-04-28 19:00:00,89,89,40,14.7,2.5,85,2026-04-29 00:12:40.084676
Los Angeles,Los Angeles Oriente,"Los Ángeles Oriente, Chile",2026-04-28 19:00:00,50,50,22,13.2,4.3,99,2026-04-29 00:12:40.234327
Los Angeles,21 de Mayo 2,"21 de mayo 2, Chile",2026-04-28 19:00:00,61,61,19,13.2,4.2,99,2026-04-29 00:12:40.385035
Chillan,INIA Chillan,"INIA, Chillán, Chile",2026-04-28 18:00:00,65,65,14,13.2,4.3,99,2026-04-29 00:12:40.534506
Chillan,Puren,"Puren, Chile",2026-04-28 19:00:00,99,99,46,13.2,4.2,99,2026-04-29 00:12:40.68427
Rancagua,Rancagua II,"Rancagua II, Chile",2026-04-28 19:00:00,34,34,32,17.9,1.8,73.4,2026-04-29 00:12:40.833742
Rancagua,Rancagua I,"Rancagua I, Chile",2026-04-28 18:00:00,59,59,42,18,1.8,73.4,2026-04-29 00:12:40.983331
Temuco,Nielol,"Ñielol, Chile",2026-04-28 19:00:00,21,21,11,13.8,3,94.3,2026-04-29 00:12:41.134136
Temuco,Las Encinas,"Las Encinas Temuco, Chile",2026-04-28 19:00:00,57,57,13,13.8,3,94.3,2026-04-29 00:12:41.284117
Temuco,Padre Las Casas II,"Padre Las Casas II, Chile",2026-04-28 19:00:00,55,55,15,13.8,3,94.3,2026-04-29 00:12:41.433801
Valdivia,Valdivia 2,"Valdivia 2, Chile",2026-04-28 19:00:00,4,5,4,12.3,3.1,90,2026-04-29 00:12:41.583535
Valdivia,Valdivia,"Valdivia, Chile",2026-04-28 19:00:00,53,53,23,12.2,3.2,90.3,2026-04-29 00:12:41.733556
Osorno,Osorno,"Osorno, Chile",2026-04-28 19:00:00,76,76,33,12.3,3.1,90,2026-04-29 00:12:41.883794
Talca,La Florida 2,"La Florida 2, Chile",2026-04-29 03:00:00,38,38,14,13.5,1,100,2026-04-29 09:27:59.319499
Talca,U.C. Maule,"U.C. Maule, Chile",2026-04-29 05:00:00,46,46,8,11.9,0.5,100,2026-04-29 09:27:59.425943
Talca,Universidad de Talca,"Universidad de Talca, Chile",2026-04-29 04:00:00,38,38,20,13.5,1,100,2026-04-29 09:27:59.53122
Los Angeles,Los Angeles Oriente,"Los Ángeles Oriente, Chile",2026-04-29 05:00:00,21,21,10,11.6,3,88,2026-04-29 09:27:59.636453
Los Angeles,21 de Mayo 2,"21 de mayo 2, Chile",2026-04-29 04:00:00,50,50,20,10.5,2.5,96.5,2026-04-29 09:27:59.741286
Chillan,INIA Chillan,"INIA, Chillán, Chile",2026-04-29 04:00:00,38,38,4,10.7,2.6,95,2026-04-29 09:27:59.846157
Chillan,Puren,"Puren, Chile",2026-04-29 04:00:00,25,25,8,10.5,2.5,96.5,2026-04-29 09:27:59.95116
Rancagua,Rancagua II,"Rancagua II, Chile",2026-04-29 04:00:00,68,68,27,12.4,0.3,93.7,2026-04-29 09:28:00.056327
Rancagua,Rancagua I,"Rancagua I, Chile",2026-04-29 04:00:00,59,59,26,12.5,0.4,93.5,2026-04-29 09:28:00.161495
Temuco,Nielol,"Ñielol, Chile",2026-04-29 04:00:00,25,25,19,6.9,3,99.3,2026-04-29 09:28:00.266643
Temuco,Las Encinas,"Las Encinas Temuco, Chile",2026-04-29 04:00:00,104,104,35,6.9,3,99.3,2026-04-29 09:28:00.371704
Temuco,Padre Las Casas II,"Padre Las Casas II, Chile",2026-04-29 04:00:00,57,57,31,6.9,3,99.3,2026-04-29 09:28:00.476762
Valdivia,Valdivia 2,"Valdivia 2, Chile",2026-04-29 04:00:00,5,5,1,10.5,1.5,84.7,2026-04-29 09:28:00.5815
Valdivia,Valdivia,"Valdivia, Chile",2026-04-29 04:00:00,61,61,20,10.8,1.5,84,2026-04-29 09:28:00.686886
Osorno,Osorno,"Osorno, Chile",2026-04-29 04:00:00,175,175,83,10.5,1.5,84.7,2026-04-29 09:28:00.791777
Talca,La Florida 2,"La Florida 2, Chile",2026-04-29 11:00:00,46,46,10,13.4,3,100,2026-04-29 16:21:39.581587
Talca,U.C. Maule,"U.C. Maule, Chile",2026-04-29 11:00:00,46,46,11,13.4,3,100,2026-04-29 16:21:39.699939
Talca,Universidad de Talca,"Universidad de Talca, Chile",2026-04-29 11:00:00,34,34,16,13.4,3,100,2026-04-29 16:21:39.816953
Los Angeles,Los Angeles Oriente,"Los Ángeles Oriente, Chile",2026-04-29 11:00:00,34,34,26,16.2,4,74.3,2026-04-29 16:21:39.93346
Los Angeles,21 de Mayo 2,"21 de mayo 2, Chile",2026-04-29 11:00:00,59,59,35,16.7,3.4,72.7,2026-04-29 16:21:40.052745
Chillan,INIA Chillan,"INIA, Chillán, Chile",2026-04-29 11:00:00,30,30,7,16.8,3.2,72.2,2026-04-29 16:21:40.169814
Chillan,Puren,"Puren, Chile",2026-04-29 11:00:00,21,5,21,16.7,3.4,72.7,2026-04-29 16:21:40.291532
Rancagua,Rancagua II,"Rancagua II, Chile",2026-04-29 11:00:00,57,57,22,21.3,8,65.5,2026-04-29 16:21:40.408569
Rancagua,Rancagua I,"Rancagua I, Chile",2026-04-29 11:00:00,59,59,39,18.7,6.5,77.7,2026-04-29 16:21:40.529092
Temuco,Nielol,"Ñielol, Chile",2026-04-29 11:00:00,76,76,40,4.3,3,100,2026-04-29 16:21:40.652605
Temuco,Las Encinas,"Las Encinas Temuco, Chile",2026-04-29 11:00:00,76,76,30,9.8,3,100,2026-04-29 16:21:40.785734
Temuco,Padre Las Casas II,"Padre Las Casas II, Chile",2026-04-29 11:00:00,78,78,45,9.8,3,100,2026-04-29 16:21:40.902308
Valdivia,Valdivia 2,"Valdivia 2, Chile",2026-04-29 11:00:00,17,17,2,13.5,1.1,75.8,2026-04-29 16:21:41.018642
Valdivia,Valdivia,"Valdivia, Chile",2026-04-29 11:00:00,155,155,64,13.5,1.1,75.9,2026-04-29 16:21:41.138049
Osorno,Osorno,"Osorno, Chile",2026-04-29 11:00:00,93,93,50,13.5,1.1,75.8,2026-04-29 16:21:41.255248
Talca,La Florida 2,"La Florida 2, Chile",2026-04-29 15:00:00,21,9,13,15.2,4.1,98.7,2026-04-29 20:47:49.26317
Talca,U.C. Maule,"U.C. Maule, Chile",2026-04-29 16:00:00,34,34,8,15.2,4.1,98.7,2026-04-29 20:47:49.424115
Talca,Universidad de Talca,"Universidad de Talca, Chile",2026-04-29 15:00:00,21,21,11,15.2,4.1,98.7,2026-04-29 20:47:49.582945
Los Angeles,Los Angeles Oriente,"Los Ángeles Oriente, Chile",2026-04-29 16:00:00,34,34,21,19.6,1.1,65.6,2026-04-29 20:47:49.744284
Los Angeles,21 de Mayo 2,"21 de mayo 2, Chile",2026-04-29 16:00:00,50,50,29,19.6,1.1,65.6,2026-04-29 20:47:49.905426
Chillan,INIA Chillan,"INIA, Chillán, Chile",2026-04-29 15:00:00,34,34,13,19.6,1.1,65.6,2026-04-29 20:47:50.064839
Chillan,Puren,"Puren, Chile",2026-04-29 15:00:00,8,5,8,19.6,1.1,65.6,2026-04-29 20:47:50.225072
Rancagua,Rancagua II,"Rancagua II, Chile",2026-04-29 16:00:00,24,34,24,23.7,9.4,64,2026-04-29 20:47:50.385164
Rancagua,Rancagua I,"Rancagua I, Chile",2026-04-29 16:00:00,31,17,31,23.5,8.5,64.5,2026-04-29 20:47:50.54368
Temuco,Nielol,"Ñielol, Chile",2026-04-29 16:00:00,38,38,18,14.2,3,59.8,2026-04-29 20:47:50.702897
Temuco,Las Encinas,"Las Encinas Temuco, Chile",2026-04-29 15:00:00,38,38,17,14.2,3,59.8,2026-04-29 20:47:50.862861
Temuco,Padre Las Casas II,"Padre Las Casas II, Chile",2026-04-29 15:00:00,38,38,27,14.2,3,59.8,2026-04-29 20:47:51.022157
Valdivia,Valdivia 2,"Valdivia 2, Chile",2026-04-29 15:00:00,5,5,3,14.1,0.2,68.7,2026-04-29 20:47:51.181148
Valdivia,Valdivia,"Valdivia, Chile",2026-04-29 15:00:00,78,72,30,14.4,0.8,67,2026-04-29 20:47:51.340737
Osorno,Osorno,"Osorno, Chile",2026-04-29 15:00:00,50,50,28,14.4,0.8,67,2026-04-29 20:47:51.49974
Talca,La Florida 2,"La Florida 2, Chile",2026-04-30 03:00:00,65,65,23,12.9,3,99.3,2026-04-30 09:29:10.046108
Talca,U.C. Maule,"U.C. Maule, Chile",2026-04-30 04:00:00,59,59,20,12.9,3,99.3,2026-04-30 09:29:10.21598
Talca,Universidad de Talca,"Universidad de Talca, Chile",2026-04-30 04:00:00,46,46,26,12.9,3,99.3,2026-04-30 09:29:10.385575
Los Angeles,Los Angeles Oriente,"Los Ángeles Oriente, Chile",2026-04-30 05:00:00,53,53,25,8.1,0.6,94,2026-04-30 09:29:10.5542
Los Angeles,21 de Mayo 2,"21 de mayo 2, Chile",2026-04-30 04:00:00,42,42,23,8.1,0.1,92.8,2026-04-30 09:29:10.722399
Chillan,INIA Chillan,"INIA, Chillán, Chile",2026-04-30 04:00:00,59,59,18,8.1,0.1,92.8,2026-04-30 09:29:10.890745
Chillan,Puren,"Puren, Chile",2026-04-30 04:00:00,57,57,28,8.1,0.1,92.8,2026-04-30 09:29:11.05918
Rancagua,Rancagua II,"Rancagua II, Chile",2026-04-30 04:00:00,59,59,19,9.7,0.2,98,2026-04-30 09:29:11.227425
Rancagua,Rancagua I,"Rancagua I, Chile",2026-04-30 04:00:00,72,72,50,9.7,0.2,98,2026-04-30 09:29:11.395796
Temuco,Nielol,"Ñielol, Chile",2026-04-30 04:00:00,134,134,55,6.3,3,100,2026-04-30 09:29:11.563934
Temuco,Las Encinas,"Las Encinas Temuco, Chile",2026-04-30 04:00:00,129,129,52,6.3,3,100,2026-04-30 09:29:11.765871
Temuco,Padre Las Casas II,"Padre Las Casas II, Chile",2026-04-30 04:00:00,70,70,29,6.4,3,100,2026-04-30 09:29:11.934443
Valdivia,Valdivia 2,"Valdivia 2, Chile",2026-04-30 02:00:00,5,5,1,6.6,1,96.1,2026-04-30 09:29:12.103208
Valdivia,Valdivia,"Valdivia, Chile",2026-04-30 04:00:00,151,151,65,6.5,1.1,96,2026-04-30 09:29:12.271343
Osorno,Osorno,"Osorno, Chile",2026-04-30 04:00:00,78,78,28,6.6,1,96.1,2026-04-30 09:29:12.439502
Talca,La Florida 2,"La Florida 2, Chile",2026-04-30 10:00:00,72,72,32,11.7,1.5,100,2026-04-30 16:02:21.840262
Talca,U.C. Maule,"U.C. Maule, Chile",2026-04-30 11:00:00,70,70,30,11.7,1.5,100,2026-04-30 16:02:21.99592
Talca,Universidad de Talca,"Universidad de Talca, Chile",2026-04-30 11:00:00,65,65,37,11.7,1.5,100,2026-04-30 16:02:22.148399
Los Angeles,Los Angeles Oriente,"Los Ángeles Oriente, Chile",2026-04-30 11:00:00,63,63,41,15.2,1,74,2026-04-30 16:02:22.300797
Los Angeles,21 de Mayo 2,"21 de mayo 2, Chile",2026-04-30 11:00:00,46,46,27,15.7,1.4,72.4,2026-04-30 16:02:22.453092
Chillan,INIA Chillan,"INIA, Chillán, Chile",2026-04-30 11:00:00,59,59,10,15.8,1.3,71.8,2026-04-30 16:02:22.609149
Chillan,Puren,"Puren, Chile",2026-04-30 11:00:00,53,53,28,15.7,1.5,72.5,2026-04-30 16:02:22.761837
Rancagua,Rancagua II,"Rancagua II, Chile",2026-04-30 11:00:00,85,85,39,13.8,0.2,92.1,2026-04-30 16:02:22.914538
Rancagua,Rancagua I,"Rancagua I, Chile",2026-04-30 10:00:00,76,76,45,13.8,3,92.2,2026-04-30 16:02:23.066736
Temuco,Nielol,"Ñielol, Chile",2026-04-30 11:00:00,147,147,60,13.2,3,66.5,2026-04-30 16:02:23.219108
Temuco,Las Encinas,"Las Encinas Temuco, Chile",2026-04-30 11:00:00,78,78,25,13.2,3,66.5,2026-04-30 16:02:23.37208
Temuco,Padre Las Casas II,"Padre Las Casas II, Chile",2026-04-30 10:00:00,142,142,61,3.2,3,100,2026-04-30 16:02:23.524502
Valdivia,Valdivia 2,"Valdivia 2, Chile",2026-04-30 11:00:00,13,13,3,12.9,0.2,72.8,2026-04-30 16:02:23.676951
Valdivia,Valdivia,"Valdivia, Chile",2026-04-30 11:00:00,42,42,26,12.9,0.2,72.8,2026-04-30 16:02:23.829264
Osorno,Osorno,"Osorno, Chile",2026-04-30 11:00:00,57,57,20,12.8,0.1,72.7,2026-04-30 16:02:23.981712
Talca,La Florida 2,"La Florida 2, Chile",2026-04-30 14:00:00,61,61,24,11.7,1.5,100,2026-04-30 20:22:20.363046
Talca,U.C. Maule,"U.C. Maule, Chile",2026-04-30 15:00:00,70,70,25,11.7,1.5,100,2026-04-30 20:22:20.538327
Talca,Universidad de Talca,"Universidad de Talca, Chile",2026-04-30 15:00:00,59,59,30,11.7,1.5,100,2026-04-30 20:22:20.712412
Los Angeles,Los Angeles Oriente,"Los Ángeles Oriente, Chile",2026-04-30 15:00:00,25,25,16,16.9,1.5,68.5,2026-04-30 20:22:20.886389
Los Angeles,21 de Mayo 2,"21 de mayo 2, Chile",2026-04-30 15:00:00,38,38,20,17.9,2.1,63.8,2026-04-30 20:22:21.060681
Chillan,INIA Chillan,"INIA, Chillán, Chile",2026-04-30 15:00:00,63,63,20,17.2,1,67,2026-04-30 20:22:21.234787
Chillan,Puren,"Puren, Chile",2026-04-30 15:00:00,55,55,23,17.9,2.1,64.1,2026-04-30 20:22:21.408808
Rancagua,Rancagua II,"Rancagua II, Chile",2026-04-30 15:00:00,72,72,41,16.3,4.7,79.8,2026-04-30 20:22:21.582818
Rancagua,Rancagua I,"Rancagua I, Chile",2026-04-30 15:00:00,65,65,49,16.1,4.7,80.7,2026-04-30 20:22:21.757123
Temuco,Nielol,"Ñielol, Chile",2026-04-30 15:00:00,42,42,9,13.6,3,62.6,2026-04-30 20:22:21.932396
Temuco,Las Encinas,"Las Encinas Temuco, Chile",2026-04-30 15:00:00,57,57,15,13.6,3,62.6,2026-04-30 20:22:22.106885
Temuco,Padre Las Casas II,"Padre Las Casas II, Chile",2026-04-30 15:00:00,57,57,13,13.6,3,62.6,2026-04-30 20:22:22.280894
Valdivia,Valdivia 2,"Valdivia 2, Chile",2026-04-30 15:00:00,9,9,1,13.8,0.1,68.8,2026-04-30 20:22:22.454995
Valdivia,Valdivia,"Valdivia, Chile",2026-04-30 15:00:00,17,17,10,13.4,0.6,72.2,2026-04-30 20:22:22.629172
Osorno,Osorno,"Osorno, Chile",2026-04-30 15:00:00,17,17,10,13.7,0.1,69.5,2026-04-30 20:22:22.803091
Talca,La Florida 2,"La Florida 2, Chile",2026-04-30 18:00:00,82,82,40,11.7,1.5,100,2026-04-30 23:43:09.033036
Talca,U.C. Maule,"U.C. Maule, Chile",2026-04-30 19:00:00,97,97,32,11.7,1.5,100,2026-04-30 23:43:09.200083
Talca,Universidad de Talca,"Universidad de Talca, Chile",2026-04-30 19:00:00,65,65,40,11.7,1.5,100,2026-04-30 23:43:09.364701
Los Angeles,Los Angeles Oriente,"Los Ángeles Oriente, Chile",2026-04-30 18:00:00,26,21,26,12.5,0.5,87.5,2026-04-30 23:43:09.529322
Los Angeles,21 de Mayo 2,"21 de mayo 2, Chile",2026-04-30 19:00:00,139,139,65,12.5,0.2,88.3,2026-04-30 23:43:09.693729
Chillan,INIA Chillan,"INIA, Chillán, Chile",2026-04-30 18:00:00,95,95,34,12.5,0.3,88,2026-04-30 23:43:09.858319
Chillan,Puren,"Puren, Chile",2026-04-30 19:00:00,85,85,47,12.5,0.2,88.2,2026-04-30 23:43:10.022727
Rancagua,Rancagua II,"Rancagua II, Chile",2026-04-30 18:00:00,65,65,41,12.2,3.5,90.7,2026-04-30 23:43:10.187257
Rancagua,Rancagua I,"Rancagua I, Chile",2026-04-30 18:00:00,80,80,56,12.2,3,90,2026-04-30 23:43:10.353408
Temuco,Nielol,"Ñielol, Chile",2026-04-30 19:00:00,10,9,10,13.6,3,62.6,2026-04-30 23:43:10.517785
Temuco,Las Encinas,"Las Encinas Temuco, Chile",2026-04-30 18:00:00,34,34,14,13.6,3,62.6,2026-04-30 23:43:10.682446
Temuco,Padre Las Casas II,"Padre Las Casas II, Chile",2026-04-30 18:00:00,95,95,36,13.6,3,62.6,2026-04-30 23:43:10.847004
Valdivia,Valdivia 2,"Valdivia 2, Chile",2026-04-30 19:00:00,13,13,2,11.1,1.6,90.5,2026-04-30 23:43:11.01153
Valdivia,Valdivia,"Valdivia, Chile",2026-04-30 18:00:00,38,38,18,11.1,0.7,91,2026-04-30 23:43:11.175994
Osorno,Osorno,"Osorno, Chile",2026-04-30 18:00:00,68,68,23,11.9,0.6,82.8,2026-04-30 23:43:11.340388
Talca,La Florida 2,"La Florida 2, Chile",2026-05-01 02:00:00,57,57,27,11.9,1,71,2026-05-01 07:57:39.24695
Talca,U.C. Maule,"U.C. Maule, Chile",2026-05-01 03:00:00,63,63,26,11.9,1,71,2026-05-01 07:57:39.402554
Talca,Universidad de Talca,"Universidad de Talca, Chile",2026-05-01 02:00:00,63,63,29,11.9,1,71,2026-05-01 07:57:39.556223
Los Angeles,Los Angeles Oriente,"Los Ángeles Oriente, Chile",2026-05-01 03:00:00,167,167,80,10.9,0.1,98,2026-05-01 07:57:39.710114
Los Angeles,21 de Mayo 2,"21 de mayo 2, Chile",2026-05-01 03:00:00,163,163,71,11.1,0.1,98.2,2026-05-01 07:57:39.864077
Chillan,INIA Chillan,"INIA, Chillán, Chile",2026-05-01 03:00:00,59,59,15,11.1,0.1,98.4,2026-05-01 07:57:40.018075
Chillan,Puren,"Puren, Chile",2026-05-01 03:00:00,78,78,30,11,0.1,98.1,2026-05-01 07:57:40.1719
Rancagua,Rancagua II,"Rancagua II, Chile",2026-05-01 03:00:00,102,102,41,7.5,1.4,92.6,2026-05-01 07:57:40.325768
Rancagua,Rancagua I,"Rancagua I, Chile",2026-05-01 03:00:00,97,97,40,7.7,1.6,92.5,2026-05-01 07:57:40.479756
Temuco,Nielol,"Ñielol, Chile",2026-05-01 03:00:00,13,13,8,10.3,1,100,2026-05-01 07:57:40.634836
Temuco,Las Encinas,"Las Encinas Temuco, Chile",2026-05-01 03:00:00,34,34,7,10.3,1,100,2026-05-01 07:57:40.788329
Temuco,Padre Las Casas II,"Padre Las Casas II, Chile",2026-05-01 03:00:00,34,34,4,10.3,1,100,2026-05-01 07:57:40.942155
Valdivia,Valdivia 2,"Valdivia 2, Chile",2026-05-01 03:00:00,21,21,7,9.9,5.7,88.3,2026-05-01 07:57:41.096066
Valdivia,Valdivia,"Valdivia, Chile",2026-05-01 03:00:00,34,34,12,9.9,5.5,87.4,2026-05-01 07:57:41.250002
Osorno,Osorno,"Osorno, Chile",2026-05-01 03:00:00,34,34,6,10,6.2,89.7,2026-05-01 07:57:41.404111
Talca,La Florida 2,"La Florida 2, Chile",2026-05-01 06:00:00,34,34,17,11,2.5,82.3,2026-05-01 11:46:26.367159
Talca,U.C. Maule,"U.C. Maule, Chile",2026-05-01 07:00:00,42,42,14,11,2.5,82.3,2026-05-01 11:46:26.53971
Talca,Universidad de Talca,"Universidad de Talca, Chile",2026-05-01 07:00:00,42,42,20,11,2.5,82.3,2026-05-01 11:46:26.710906
Los Angeles,Los Angeles Oriente,"Los Ángeles Oriente, Chile",2026-05-01 07:00:00,85,85,41,9,0.1,99,2026-05-01 11:46:26.881862
Los Angeles,21 de Mayo 2,"21 de mayo 2, Chile",2026-05-01 07:00:00,89,89,35,9,0.1,99,2026-05-01 11:46:27.052577
Chillan,INIA Chillan,"INIA, Chillán, Chile",2026-05-01 06:00:00,80,80,24,9,0.1,99,2026-05-01 11:46:27.223525
Chillan,Puren,"Puren, Chile",2026-05-01 07:00:00,102,102,43,8.9,0.1,99,2026-05-01 11:46:27.39419
Rancagua,Rancagua II,"Rancagua II, Chile",2026-05-01 07:00:00,55,55,20,6.1,0.5,96.1,2026-05-01 11:46:27.565538
Rancagua,Rancagua I,"Rancagua I, Chile",2026-05-01 06:00:00,63,63,20,6.3,0.5,96,2026-05-01 11:46:27.736666
Temuco,Nielol,"Ñielol, Chile",2026-05-01 07:00:00,13,13,7,9.8,1,100,2026-05-01 11:46:27.907715
Temuco,Las Encinas,"Las Encinas Temuco, Chile",2026-05-01 06:00:00,17,17,2,9.8,1,100,2026-05-01 11:46:28.079539
Temuco,Padre Las Casas II,"Padre Las Casas II, Chile",2026-05-01 07:00:00,50,50,10,9.8,1,100,2026-05-01 11:46:28.250583
Valdivia,Valdivia 2,"Valdivia 2, Chile",2026-05-01 06:00:00,53,53,18,9.4,1.6,70,2026-05-01 11:46:28.422325
Valdivia,Valdivia,"Valdivia, Chile",2026-05-01 06:00:00,162,162,66,9.4,1.6,70,2026-05-01 11:46:28.593109
Osorno,Osorno,"Osorno, Chile",2026-05-01 07:00:00,109,109,36,9.1,1.4,70.2,2026-05-01 11:46:28.764338
Talca,La Florida 2,"La Florida 2, Chile",2026-05-01 10:00:00,53,53,18,11,2.5,82.3,2026-05-01 15:39:55.656293
Talca,U.C. Maule,"U.C. Maule, Chile",2026-05-01 11:00:00,57,57,20,11.4,3.6,84,2026-05-01 15:39:55.828688
Talca,Universidad de Talca,"Universidad de Talca, Chile",2026-05-01 11:00:00,53,53,20,11.4,3.6,84,2026-05-01 15:39:55.999203
Los Angeles,Los Angeles Oriente,"Los Ángeles Oriente, Chile",2026-05-01 11:00:00,87,87,42,16.7,1.5,78.5,2026-05-01 15:39:56.169841
Los Angeles,21 de Mayo 2,"21 de mayo 2, Chile",2026-05-01 10:00:00,117,117,45,13.1,1.8,92,2026-05-01 15:39:56.340101
Chillan,INIA Chillan,"INIA, Chillán, Chile",2026-05-01 11:00:00,42,42,12,16.5,1.7,79.1,2026-05-01 15:39:56.510303
Chillan,Puren,"Puren, Chile",2026-05-01 11:00:00,25,25,11,16.3,1.6,79.8,2026-05-01 15:39:56.681573
Rancagua,Rancagua II,"Rancagua II, Chile",2026-05-01 10:00:00,61,61,34,12.4,2.7,84.8,2026-05-01 15:39:56.853855
Rancagua,Rancagua I,"Rancagua I, Chile",2026-05-01 10:00:00,68,68,40,12.9,6.5,81.2,2026-05-01 15:39:57.026672
Temuco,Nielol,"Ñielol, Chile",2026-05-01 11:00:00,30,30,10,12.9,1,69.7,2026-05-01 15:39:57.197008
Temuco,Padre Las Casas II,"Padre Las Casas II, Chile",2026-05-01 10:00:00,46,46,18,9.8,1,100,2026-05-01 15:39:57.537941
Valdivia,Valdivia 2,"Valdivia 2, Chile",2026-05-01 11:00:00,144,144,47,12.3,2.5,71.5,2026-05-01 15:39:57.708081
Valdivia,Valdivia,"Valdivia, Chile",2026-05-01 10:00:00,102,102,37,12.4,2.5,71.6,2026-05-01 15:39:57.879181
Osorno,Osorno,"Osorno, Chile",2026-05-01 10:00:00,93,93,40,11.4,0.8,78,2026-05-01 15:39:58.049467
Talca,La Florida 2,"La Florida 2, Chile",2026-05-01 15:00:00,25,25,8,11.4,3.6,84,2026-05-01 20:01:00.911647
Talca,U.C. Maule,"U.C. Maule, Chile",2026-05-01 14:00:00,30,30,11,11.4,3.6,84,2026-05-01 20:01:01.027455
Talca,Universidad de Talca,"Universidad de Talca, Chile",2026-05-01 15:00:00,30,30,13,11.4,3.6,84,2026-05-01 20:01:01.141871
Los Angeles,Los Angeles Oriente,"Los Ángeles Oriente, Chile",2026-05-01 15:00:00,30,30,17,18.8,1.8,69,2026-05-01 20:01:01.257234
Los Angeles,21 de Mayo 2,"21 de mayo 2, Chile",2026-05-01 15:00:00,34,34,14,18.7,1.8,69.1,2026-05-01 20:01:01.371691
Chillan,INIA Chillan,"INIA, Chillán, Chile",2026-05-01 15:00:00,80,80,29,18.6,2,69.4,2026-05-01 20:01:01.48624
Chillan,Puren,"Puren, Chile",2026-05-01 15:00:00,70,70,21,18.7,2,69.2,2026-05-01 20:01:01.606133
Rancagua,Rancagua II,"Rancagua II, Chile",2026-05-01 14:00:00,89,89,47,17.5,5.3,70,2026-05-01 20:01:01.720457
Rancagua,Rancagua I,"Rancagua I, Chile",2026-05-01 15:00:00,80,80,37,17.8,6.3,68.7,2026-05-01 20:01:01.834891
Temuco,Nielol,"Ñielol, Chile",2026-05-01 15:00:00,13,13,12,13.9,1,58.5,2026-05-01 20:01:01.950669
Temuco,Las Encinas,"Las Encinas Temuco, Chile",2026-05-01 15:00:00,25,25,10,13.9,1,58.5,2026-05-01 20:01:02.065132
Temuco,Padre Las Casas II,"Padre Las Casas II, Chile",2026-05-01 15:00:00,34,34,13,13.9,1,58.5,2026-05-01 20:01:02.180789
Valdivia,Valdivia 2,"Valdivia 2, Chile",2026-05-01 15:00:00,34,34,16,14.5,2.4,59.1,2026-05-01 20:01:02.295412
Valdivia,Valdivia,"Valdivia, Chile",2026-05-01 15:00:00,21,21,10,14.5,2.2,58.3,2026-05-01 20:01:02.410556
Osorno,Osorno,"Osorno, Chile",2026-05-01 15:00:00,65,65,28,14.6,2.2,57.8,2026-05-01 20:01:02.524832
Talca,La Florida 2,"La Florida 2, Chile",2026-05-01 17:00:00,42,42,10,11.4,3.6,84,2026-05-01 22:40:55.687387
Talca,U.C. Maule,"U.C. Maule, Chile",2026-05-01 18:00:00,25,25,11,11.4,3.6,84,2026-05-01 22:40:55.816081
Talca,Universidad de Talca,"Universidad de Talca, Chile",2026-05-01 18:00:00,25,25,13,11.4,3.6,84,2026-05-01 22:40:55.943933
Los Angeles,Los Angeles Oriente,"Los Ángeles Oriente, Chile",2026-05-01 16:00:00,25,25,13,14.4,0.5,82.5,2026-05-01 22:40:56.076936
Los Angeles,21 de Mayo 2,"21 de mayo 2, Chile",2026-05-01 18:00:00,50,50,15,14,0.2,84.8,2026-05-01 22:40:56.204644
Chillan,INIA Chillan,"INIA, Chillán, Chile",2026-05-01 17:00:00,53,53,13,14.2,0.4,84,2026-05-01 22:40:56.332781
Chillan,Puren,"Puren, Chile",2026-05-01 18:00:00,38,38,16,14,0.2,84.8,2026-05-01 22:40:56.46138
Rancagua,Rancagua II,"Rancagua II, Chile",2026-05-01 18:00:00,74,74,53,16.1,4.8,72.4,2026-05-01 22:40:56.588952
Rancagua,Rancagua I,"Rancagua I, Chile",2026-05-01 17:00:00,76,76,30,16.6,4,71,2026-05-01 22:40:56.722175
Temuco,Nielol,"Ñielol, Chile",2026-05-01 18:00:00,17,17,10,13.9,1,58.5,2026-05-01 22:40:56.849667
Temuco,Las Encinas,"Las Encinas Temuco, Chile",2026-05-01 18:00:00,70,70,17,13.9,1,58.5,2026-05-01 22:40:56.978402
Temuco,Padre Las Casas II,"Padre Las Casas II, Chile",2026-05-01 17:00:00,50,50,15,13.9,1,58.5,2026-05-01 22:40:57.106137
Valdivia,Valdivia 2,"Valdivia 2, Chile",2026-05-01 18:00:00,63,63,24,9.5,3.8,78.8,2026-05-01 22:40:57.234145
Valdivia,Valdivia,"Valdivia, Chile",2026-05-01 17:00:00,57,57,16,9.7,4,77.7,2026-05-01 22:40:57.362996
Osorno,Osorno,"Osorno, Chile",2026-05-01 18:00:00,107,107,41,9.4,3.8,79.1,2026-05-01 22:40:57.49065
Talca,La Florida 2,"La Florida 2, Chile",2026-05-02 01:00:00,87,87,30,9.3,2,99.3,2026-05-02 06:28:00.479801
Talca,U.C. Maule,"U.C. Maule, Chile",2026-05-02 01:00:00,63,63,15,9.3,2,99.3,2026-05-02 06:28:00.624775
Talca,Universidad de Talca,"Universidad de Talca, Chile",2026-05-02 01:00:00,57,57,22,9.3,2,99.3,2026-05-02 06:28:00.768687
Los Angeles,Los Angeles Oriente,"Los Ángeles Oriente, Chile",2026-05-02 01:00:00,25,25,19,10.8,4,74.5,2026-05-02 06:28:00.912236
Los Angeles,21 de Mayo 2,"21 de mayo 2, Chile",2026-05-02 01:00:00,82,82,29,11.1,4.2,74.1,2026-05-02 06:28:01.063156
Chillan,INIA Chillan,"INIA, Chillán, Chile",2026-05-02 01:00:00,55,55,24,10.5,5,76,2026-05-02 06:28:01.207179
Chillan,Puren,"Puren, Chile",2026-05-02 01:00:00,59,59,20,11.1,3.5,74.1,2026-05-02 06:28:01.350664
Rancagua,Rancagua II,"Rancagua II, Chile",2026-05-02 01:00:00,122,122,58,11.2,1.5,86,2026-05-02 06:28:01.493842
Rancagua,Rancagua I,"Rancagua I, Chile",2026-05-02 01:00:00,89,89,42,11.2,2.5,85.5,2026-05-02 06:28:01.638126
Temuco,Nielol,"Ñielol, Chile",2026-05-02 01:00:00,213,213,110,2.7,1,99.3,2026-05-02 06:28:01.783209
Temuco,Las Encinas,"Las Encinas Temuco, Chile",2026-05-02 01:00:00,225,225,102,2.7,1,99.3,2026-05-02 06:28:01.926794
Temuco,Padre Las Casas II,"Padre Las Casas II, Chile",2026-05-02 01:00:00,178,178,80,2.7,1,99.3,2026-05-02 06:28:02.070377
Valdivia,Valdivia 2,"Valdivia 2, Chile",2026-05-02 01:00:00,160,160,63,5.9,1.6,89.6,2026-05-02 06:28:02.213805
Valdivia,Valdivia,"Valdivia, Chile",2026-05-02 01:00:00,182,182,77,6.4,1.6,87.2,2026-05-02 06:28:02.359395
Osorno,Osorno,"Osorno, Chile",2026-05-02 01:00:00,200,200,100,5.6,1.5,91.1,2026-05-02 06:28:02.502635
Talca,La Florida 2,"La Florida 2, Chile",2026-05-02 03:00:00,82,82,27,6.5,2.5,100,2026-05-02 10:16:33.591472
Talca,U.C. Maule,"U.C. Maule, Chile",2026-05-02 05:00:00,46,46,14,6.5,2.5,100,2026-05-02 10:16:33.749782
Talca,Universidad de Talca,"Universidad de Talca, Chile",2026-05-02 05:00:00,42,42,17,6.5,2.5,100,2026-05-02 10:16:33.90654
Los Angeles,Los Angeles Oriente,"Los Ángeles Oriente, Chile",2026-05-02 05:00:00,21,21,16,6.1,0.2,83,2026-05-02 10:16:34.065054
Los Angeles,21 de Mayo 2,"21 de mayo 2, Chile",2026-05-02 05:00:00,46,46,17,6.3,0.2,81,2026-05-02 10:16:34.223528
Chillan,INIA Chillan,"INIA, Chillán, Chile",2026-05-02 04:00:00,42,42,8,8.1,0.2,75,2026-05-02 10:16:34.380206
Chillan,Puren,"Puren, Chile",2026-05-02 05:00:00,46,46,14,6.3,0.2,81,2026-05-02 10:16:34.537555
Rancagua,Rancagua II,"Rancagua II, Chile",2026-05-02 05:00:00,76,76,25,9.4,3,89,2026-05-02 10:16:34.694165
Rancagua,Rancagua I,"Rancagua I, Chile",2026-05-02 05:00:00,57,57,23,9.4,3,89,2026-05-02 10:16:34.850823
Temuco,Nielol,"Ñielol, Chile",2026-05-02 05:00:00,175,175,61,-0.9,1,99.3,2026-05-02 10:16:35.007766
Temuco,Las Encinas,"Las Encinas Temuco, Chile",2026-05-02 04:00:00,156,156,55,-0.9,1,99.3,2026-05-02 10:16:35.164812
Temuco,Padre Las Casas II,"Padre Las Casas II, Chile",2026-05-02 05:00:00,129,129,37,-0.9,1,99.3,2026-05-02 10:16:35.321602
Valdivia,Valdivia 2,"Valdivia 2, Chile",2026-05-02 05:00:00,85,85,29,3.4,0.9,94,2026-05-02 10:16:35.478828
Valdivia,Valdivia,"Valdivia, Chile",2026-05-02 05:00:00,155,155,56,3.5,0.5,93.8,2026-05-02 10:16:35.637609
Osorno,Osorno,"Osorno, Chile",2026-05-02 05:00:00,156,156,54,3.4,0.8,94,2026-05-02 10:16:35.796855
Talca,La Florida 2,"La Florida 2, Chile",2026-05-02 08:00:00,59,59,14,6.5,2.5,100,2026-05-02 14:20:33.537419
Talca,U.C. Maule,"U.C. Maule, Chile",2026-05-02 09:00:00,34,34,11,6.5,2.5,100,2026-05-02 14:20:33.666954
Talca,Universidad de Talca,"Universidad de Talca, Chile",2026-05-02 09:00:00,38,38,17,6.5,2.5,100,2026-05-02 14:20:33.795402
Los Angeles,Los Angeles Oriente,"Los Ángeles Oriente, Chile",2026-05-02 09:00:00,38,38,15,10.1,0.4,61.2,2026-05-02 14:20:33.923601
Los Angeles,21 de Mayo 2,"21 de mayo 2, Chile",2026-05-02 09:00:00,55,55,17,10.4,0.8,61.2,2026-05-02 14:20:34.051663
Chillan,INIA Chillan,"INIA, Chillán, Chile",2026-05-02 09:00:00,34,34,12,10.6,0.7,60.7,2026-05-02 14:20:34.179748
Chillan,Puren,"Puren, Chile",2026-05-02 09:00:00,42,42,15,10.4,0.8,61.2,2026-05-02 14:20:34.308591
Rancagua,Rancagua II,"Rancagua II, Chile",2026-05-02 09:00:00,63,63,17,10.8,5.8,85.8,2026-05-02 14:20:34.437459
Rancagua,Rancagua I,"Rancagua I, Chile",2026-05-02 09:00:00,87,87,30,10.9,5.6,85.8,2026-05-02 14:20:34.566654
Temuco,Nielol,"Ñielol, Chile",2026-05-02 09:00:00,142,142,51,-1.7,1,100,2026-05-02 14:20:34.694665
Temuco,Las Encinas,"Las Encinas Temuco, Chile",2026-05-02 09:00:00,132,132,47,-1.7,1,100,2026-05-02 14:20:34.822628
Temuco,Padre Las Casas II,"Padre Las Casas II, Chile",2026-05-02 09:00:00,80,80,30,-1.7,1,100,2026-05-02 14:20:34.95069
Valdivia,Valdivia 2,"Valdivia 2, Chile",2026-05-02 09:00:00,42,42,9,4.1,1.5,87.1,2026-05-02 14:20:35.078583
Valdivia,Valdivia,"Valdivia, Chile",2026-05-02 09:00:00,30,30,8,4.1,1.6,87,2026-05-02 14:20:35.209807
Osorno,Osorno,"Osorno, Chile",2026-05-02 09:00:00,91,91,30,4.1,1.5,87,2026-05-02 14:20:35.340125
Talca,La Florida 2,"La Florida 2, Chile",2026-05-02 12:00:00,42,42,12,8.1,3,84.8,2026-05-02 17:37:25.628109
Talca,U.C. Maule,"U.C. Maule, Chile",2026-05-02 12:00:00,25,25,12,8.1,3,84.8,2026-05-02 17:37:25.791575
Talca,Universidad de Talca,"Universidad de Talca, Chile",2026-05-02 13:00:00,25,25,12,8.1,3,84.8,2026-05-02 17:37:25.95165
Los Angeles,Los Angeles Oriente,"Los Ángeles Oriente, Chile",2026-05-02 13:00:00,21,21,19,22.2,2,34.5,2026-05-02 17:37:26.111899
Los Angeles,21 de Mayo 2,"21 de mayo 2, Chile",2026-05-02 13:00:00,42,42,16,22.2,2.3,34.3,2026-05-02 17:37:26.272191
Chillan,INIA Chillan,"INIA, Chillán, Chile",2026-05-02 12:00:00,25,25,2,20.3,2.1,39.2,2026-05-02 17:37:26.431756
Chillan,Puren,"Puren, Chile",2026-05-02 12:00:00,30,30,17,20.3,2.1,39.2,2026-05-02 17:37:26.591677
Rancagua,Rancagua II,"Rancagua II, Chile",2026-05-02 12:00:00,93,93,51,16.4,6,71.2,2026-05-02 17:37:26.752437
Rancagua,Rancagua I,"Rancagua I, Chile",2026-05-02 12:00:00,72,72,49,16.5,6.2,70.9,2026-05-02 17:37:26.912968
Temuco,Nielol,"Ñielol, Chile",2026-05-02 13:00:00,127,127,44,6.8,1,80.6,2026-05-02 17:37:27.073549
Temuco,Las Encinas,"Las Encinas Temuco, Chile",2026-05-02 12:00:00,124,124,42,6.8,1,80.6,2026-05-02 17:37:27.235041
Temuco,Padre Las Casas II,"Padre Las Casas II, Chile",2026-05-02 13:00:00,134,134,53,6.8,1,80.6,2026-05-02 17:37:27.395623
Valdivia,Valdivia 2,"Valdivia 2, Chile",2026-05-02 12:00:00,55,55,17,11.3,0.5,68.8,2026-05-02 17:37:27.555935
Valdivia,Valdivia,"Valdivia, Chile",2026-05-02 12:00:00,46,46,14,11.1,0.5,70.5,2026-05-02 17:37:27.71634
Osorno,Osorno,"Osorno, Chile",2026-05-02 12:00:00,149,149,55,11.2,0.3,69.6,2026-05-02 17:37:27.876894
Talca,La Florida 2,"La Florida 2, Chile",2026-05-02 15:00:00,34,34,17,8.1,3,84.8,2026-05-02 20:08:19.022983
Talca,U.C. Maule,"U.C. Maule, Chile",2026-05-02 15:00:00,38,38,14,8.1,3,84.8,2026-05-02 20:08:19.164148
Talca,Universidad de Talca,"Universidad de Talca, Chile",2026-05-02 15:00:00,50,50,18,8.1,3,84.8,2026-05-02 20:08:19.30444
Los Angeles,Los Angeles Oriente,"Los Ángeles Oriente, Chile",2026-05-02 15:00:00,19,17,19,19.1,2,53,2026-05-02 20:08:19.44633
Los Angeles,21 de Mayo 2,"21 de mayo 2, Chile",2026-05-02 15:00:00,46,46,10,19.1,2,53,2026-05-02 20:08:19.586204
Chillan,INIA Chillan,"INIA, Chillán, Chile",2026-05-02 14:00:00,46,46,9,19.1,2,53,2026-05-02 20:08:19.726121
Chillan,Puren,"Puren, Chile",2026-05-02 15:00:00,38,38,17,19.1,2,53,2026-05-02 20:08:19.866674
Rancagua,Rancagua II,"Rancagua II, Chile",2026-05-02 15:00:00,53,53,38,22.3,6,48.8,2026-05-02 20:08:20.006586
Rancagua,Rancagua I,"Rancagua I, Chile",2026-05-02 15:00:00,38,38,26,22.1,6,48.4,2026-05-02 20:08:20.149737
Temuco,Nielol,"Ñielol, Chile",2026-05-02 15:00:00,127,127,32,15,1,51.2,2026-05-02 20:08:20.290202
Temuco,Las Encinas,"Las Encinas Temuco, Chile",2026-05-02 15:00:00,59,59,14,15,1,51.2,2026-05-02 20:08:20.431052
Temuco,Padre Las Casas II,"Padre Las Casas II, Chile",2026-05-02 15:00:00,59,59,22,15,1,51.2,2026-05-02 20:08:20.570946
Valdivia,Valdivia 2,"Valdivia 2, Chile",2026-05-02 15:00:00,25,25,7,13.4,1.1,66.4,2026-05-02 20:08:20.711446
Valdivia,Valdivia,"Valdivia, Chile",2026-05-02 15:00:00,9,9,8,13.4,1.2,66.5,2026-05-02 20:08:20.853098
Osorno,Osorno,"Osorno, Chile",2026-05-02 15:00:00,59,59,17,13.3,1,65.8,2026-05-02 20:08:20.992873
Talca,La Florida 2,"La Florida 2, Chile",2026-05-02 18:00:00,68,68,30,8.1,3,84.8,2026-05-02 23:33:11.126885
Talca,U.C. Maule,"U.C. Maule, Chile",2026-05-02 18:00:00,50,50,13,8.1,3,84.8,2026-05-02 23:33:11.282052
Talca,Universidad de Talca,"Universidad de Talca, Chile",2026-05-02 18:00:00,34,34,18,8.1,3,84.8,2026-05-02 23:33:11.436108
Los Angeles,Los Angeles Oriente,"Los Ángeles Oriente, Chile",2026-05-02 19:00:00,63,63,30,10,1,82.3,2026-05-02 23:33:11.592322
Los Angeles,21 de Mayo 2,"21 de mayo 2, Chile",2026-05-02 18:00:00,99,99,54,11.4,1,74.6,2026-05-02 23:33:11.748313
Chillan,INIA Chillan,"INIA, Chillán, Chile",2026-05-02 18:00:00,114,114,38,10.5,1,81.3,2026-05-02 23:33:11.902976
Chillan,Puren,"Puren, Chile",2026-05-02 18:00:00,134,134,57,11.4,1,74.6,2026-05-02 23:33:12.056592
Rancagua,Rancagua II,"Rancagua II, Chile",2026-05-02 18:00:00,34,34,33,17.7,2,51,2026-05-02 23:33:12.210555
Rancagua,Rancagua I,"Rancagua I, Chile",2026-05-02 18:00:00,34,21,34,19.6,0.8,52.2,2026-05-02 23:33:12.364191
Temuco,Nielol,"Ñielol, Chile",2026-05-02 18:00:00,57,57,15,15,1,51.2,2026-05-02 23:33:12.518924
Temuco,Las Encinas,"Las Encinas Temuco, Chile",2026-05-02 18:00:00,57,57,14,15,1,51.2,2026-05-02 23:33:12.672825
Temuco,Padre Las Casas II,"Padre Las Casas II, Chile",2026-05-02 19:00:00,253,253,145,15,1,51.2,2026-05-02 23:33:12.826438
Valdivia,Valdivia 2,"Valdivia 2, Chile",2026-05-02 18:00:00,76,76,26,7.7,2.8,88.2,2026-05-02 23:33:12.982189
Valdivia,Valdivia,"Valdivia, Chile",2026-05-02 18:00:00,46,46,11,7.2,3.5,89,2026-05-02 23:33:13.135977
Osorno,Osorno,"Osorno, Chile",2026-05-02 18:00:00,76,76,22,7.7,2.6,88.3,2026-05-02 23:33:13.289712
Talca,La Florida 2,"La Florida 2, Chile",2026-05-03 02:00:00,159,159,63,6.1,1,100,2026-05-03 07:34:51.662385
Talca,U.C. Maule,"U.C. Maule, Chile",2026-05-03 02:00:00,190,190,89,6.1,1,100,2026-05-03 07:34:51.840945
Talca,Universidad de Talca,"Universidad de Talca, Chile",2026-05-03 02:00:00,158,158,62,8.2,1.5,100,2026-05-03 07:34:52.018699
Los Angeles,Los Angeles Oriente,"Los Ángeles Oriente, Chile",2026-05-03 03:00:00,153,153,74,7.7,0.4,97,2026-05-03 07:34:52.196343
Los Angeles,21 de Mayo 2,"21 de mayo 2, Chile",2026-05-03 02:00:00,173,173,74,7,0.4,97,2026-05-03 07:34:52.373838
Chillan,INIA Chillan,"INIA, Chillán, Chile",2026-05-03 02:00:00,154,154,63,7,0.4,97,2026-05-03 07:34:52.551708
Chillan,Puren,"Puren, Chile",2026-05-03 02:00:00,177,177,82,7,0.4,97,2026-05-03 07:34:52.730837
Rancagua,Rancagua II,"Rancagua II, Chile",2026-05-03 02:00:00,127,127,60,7.2,0.1,77,2026-05-03 07:34:52.908267
Rancagua,Rancagua I,"Rancagua I, Chile",2026-05-03 03:00:00,63,63,30,6.9,0.1,80.1,2026-05-03 07:34:53.085679
Temuco,Nielol,"Ñielol, Chile",2026-05-03 02:00:00,154,154,55,5,1,100,2026-05-03 07:34:53.263228
Temuco,Las Encinas,"Las Encinas Temuco, Chile",2026-05-03 02:00:00,127,127,43,5,1,100,2026-05-03 07:34:53.442972
Temuco,Padre Las Casas II,"Padre Las Casas II, Chile",2026-05-03 02:00:00,134,134,38,5,1,100,2026-05-03 07:34:53.620553
Valdivia,Valdivia 2,"Valdivia 2, Chile",2026-05-03 03:00:00,82,82,24,8,0.6,87.5,2026-05-03 07:34:53.797907
Valdivia,Valdivia,"Valdivia, Chile",2026-05-03 02:00:00,78,78,24,7.4,1.3,87.8,2026-05-03 07:34:53.975171
Osorno,Osorno,"Osorno, Chile",2026-05-03 03:00:00,70,70,21,7.9,1,87.5,2026-05-03 07:34:54.152452
Talca,La Florida 2,"La Florida 2, Chile",2026-05-03 05:00:00,154,154,68,4.4,1.5,100,2026-05-03 11:11:53.765091
Talca,U.C. Maule,"U.C. Maule, Chile",2026-05-03 06:00:00,114,114,41,4.4,1.5,100,2026-05-03 11:11:53.876498
Talca,Universidad de Talca,"Universidad de Talca, Chile",2026-05-03 06:00:00,93,93,34,4.4,1.5,100,2026-05-03 11:11:53.987476
Los Angeles,Los Angeles Oriente,"Los Ángeles Oriente, Chile",2026-05-03 06:00:00,129,129,58,7.1,0.4,97.2,2026-05-03 11:11:54.098398
Los Angeles,21 de Mayo 2,"21 de mayo 2, Chile",2026-05-03 06:00:00,109,109,42,7.2,0.4,97.2,2026-05-03 11:11:54.210948
Chillan,INIA Chillan,"INIA, Chillán, Chile",2026-05-03 06:00:00,134,134,48,7.7,0.4,95,2026-05-03 11:11:54.321662
Chillan,Puren,"Puren, Chile",2026-05-03 06:00:00,155,155,58,7.2,0.4,97.2,2026-05-03 11:11:54.437508
Rancagua,Rancagua II,"Rancagua II, Chile",2026-05-03 06:00:00,93,93,50,3.9,0.1,85.2,2026-05-03 11:11:54.550809
Rancagua,Rancagua I,"Rancagua I, Chile",2026-05-03 06:00:00,46,46,21,4.4,0.1,84,2026-05-03 11:11:54.662763
Temuco,Nielol,"Ñielol, Chile",2026-05-03 06:00:00,97,97,40,6.1,1,94.6,2026-05-03 11:11:54.773625
Temuco,Las Encinas,"Las Encinas Temuco, Chile",2026-05-03 06:00:00,93,93,32,6.1,1,94.6,2026-05-03 11:11:54.888036
Temuco,Padre Las Casas II,"Padre Las Casas II, Chile",2026-05-03 06:00:00,124,124,40,6.1,1,94.6,2026-05-03 11:11:54.998807
Valdivia,Valdivia 2,"Valdivia 2, Chile",2026-05-03 06:00:00,70,70,21,8.9,1.1,83.2,2026-05-03 11:11:55.109354
Valdivia,Valdivia,"Valdivia, Chile",2026-05-03 06:00:00,85,85,28,8.9,1.3,83.6,2026-05-03 11:11:55.221081
Osorno,Osorno,"Osorno, Chile",2026-05-03 06:00:00,10,9,10,9,0.6,82.2,2026-05-03 11:11:55.334407
Talca,La Florida 2,"La Florida 2, Chile",2026-05-03 09:00:00,102,102,43,4.4,1.5,100,2026-05-03 14:43:32.339864
Talca,U.C. Maule,"U.C. Maule, Chile",2026-05-03 10:00:00,78,78,29,4.4,1.5,100,2026-05-03 14:43:32.488052
Talca,Universidad de Talca,"Universidad de Talca, Chile",2026-05-03 09:00:00,102,102,45,4.4,1.5,100,2026-05-03 14:43:32.634844
Los Angeles,Los Angeles Oriente,"Los Ángeles Oriente, Chile",2026-05-03 10:00:00,74,74,39,12.2,0.4,74.3,2026-05-03 14:43:32.781646
Los Angeles,21 de Mayo 2,"21 de mayo 2, Chile",2026-05-03 10:00:00,109,109,42,12.3,0.4,73.7,2026-05-03 14:43:32.929111
Chillan,INIA Chillan,"INIA, Chillán, Chile",2026-05-03 09:00:00,68,68,11,12.2,0.4,75,2026-05-03 14:43:33.075799
Chillan,Puren,"Puren, Chile",2026-05-03 10:00:00,65,65,32,12.2,0.4,74.3,2026-05-03 14:43:33.2226
Rancagua,Rancagua II,"Rancagua II, Chile",2026-05-03 09:00:00,61,61,27,10.7,2.4,78.6,2026-05-03 14:43:33.369446
Rancagua,Rancagua I,"Rancagua I, Chile",2026-05-03 09:00:00,53,53,37,10.7,2.4,78.6,2026-05-03 14:43:33.516399
Temuco,Nielol,"Ñielol, Chile",2026-05-03 10:00:00,85,85,40,8.2,3,100,2026-05-03 14:43:33.664739
Temuco,Las Encinas,"Las Encinas Temuco, Chile",2026-05-03 09:00:00,74,74,27,8.2,3,100,2026-05-03 14:43:33.811367
Temuco,Padre Las Casas II,"Padre Las Casas II, Chile",2026-05-03 09:00:00,72,72,22,8.2,3,100,2026-05-03 14:43:33.958089
Valdivia,Valdivia 2,"Valdivia 2, Chile",2026-05-03 09:00:00,72,72,17,9.2,3.1,95.1,2026-05-03 14:43:34.104838
Valdivia,Valdivia,"Valdivia, Chile",2026-05-03 09:00:00,78,78,21,9.4,0.5,97.2,2026-05-03 14:43:34.251451
Osorno,Osorno,"Osorno, Chile",2026-05-03 10:00:00,50,50,14,9.4,0.3,97.5,2026-05-03 14:43:34.398059
Talca,La Florida 2,"La Florida 2, Chile",2026-05-03 12:00:00,112,112,41,14.3,1.5,69.1,2026-05-03 17:39:15.591401
Talca,U.C. Maule,"U.C. Maule, Chile",2026-05-03 13:00:00,99,99,35,14.3,1.5,69.1,2026-05-03 17:39:15.755913
Talca,Universidad de Talca,"Universidad de Talca, Chile",2026-05-03 13:00:00,85,85,47,14.3,1.5,69.1,2026-05-03 17:39:15.919328
Los Angeles,Los Angeles Oriente,"Los Ángeles Oriente, Chile",2026-05-03 11:00:00,80,80,38,12.8,0.4,72.4,2026-05-03 17:39:16.084069
Los Angeles,21 de Mayo 2,"21 de mayo 2, Chile",2026-05-03 13:00:00,119,119,41,12.5,0.4,93,2026-05-03 17:39:16.247391
Chillan,INIA Chillan,"INIA, Chillán, Chile",2026-05-03 12:00:00,70,70,21,12.7,0.4,93,2026-05-03 17:39:16.411314
Chillan,Puren,"Puren, Chile",2026-05-03 13:00:00,87,87,43,12.5,0.4,93,2026-05-03 17:39:16.574631
Rancagua,Rancagua II,"Rancagua II, Chile",2026-05-03 12:00:00,53,53,40,17.7,0.1,60.4,2026-05-03 17:39:16.77383
Rancagua,Rancagua I,"Rancagua I, Chile",2026-05-03 12:00:00,55,55,38,17.7,0.1,60.6,2026-05-03 17:39:16.937011
Temuco,Nielol,"Ñielol, Chile",2026-05-03 13:00:00,82,82,30,9.3,1,99.3,2026-05-03 17:39:17.100309
Temuco,Las Encinas,"Las Encinas Temuco, Chile",2026-05-03 12:00:00,87,87,34,9.3,1,99.3,2026-05-03 17:39:17.263623
Temuco,Padre Las Casas II,"Padre Las Casas II, Chile",2026-05-03 12:00:00,76,76,19,9.3,1,99.3,2026-05-03 17:39:17.427072
Valdivia,Valdivia 2,"Valdivia 2, Chile",2026-05-03 13:00:00,57,57,10,11.1,0.3,99,2026-05-03 17:39:17.590167
Valdivia,Valdivia,"Valdivia, Chile",2026-05-03 12:00:00,42,42,11,10.8,0.3,98.2,2026-05-03 17:39:17.753986
Osorno,Osorno,"Osorno, Chile",2026-05-03 13:00:00,50,50,12,11.1,0.3,99,2026-05-03 17:39:17.917161
Talca,La Florida 2,"La Florida 2, Chile",2026-05-03 15:00:00,152,152,60,15.6,2.5,60.2,2026-05-03 20:10:16.684398
Talca,U.C. Maule,"U.C. Maule, Chile",2026-05-03 15:00:00,74,74,24,15.6,2.5,60.2,2026-05-03 20:10:16.836557
Talca,Universidad de Talca,"Universidad de Talca, Chile",2026-05-03 15:00:00,78,78,46,15.6,2.5,60.2,2026-05-03 20:10:16.989733
Los Angeles,Los Angeles Oriente,"Los Ángeles Oriente, Chile",2026-05-03 15:00:00,70,70,32,12.6,4,99,2026-05-03 20:10:17.141619
Los Angeles,21 de Mayo 2,"21 de mayo 2, Chile",2026-05-03 14:00:00,109,109,36,12.5,4.3,99,2026-05-03 20:10:17.292107
Chillan,INIA Chillan,"INIA, Chillán, Chile",2026-05-03 15:00:00,102,102,27,12.6,3.6,99,2026-05-03 20:10:17.442503
Chillan,Puren,"Puren, Chile",2026-05-03 15:00:00,107,107,47,12.6,3.6,99,2026-05-03 20:10:17.592687
Rancagua,Rancagua II,"Rancagua II, Chile",2026-05-03 14:00:00,50,50,25,22.2,4,41.8,2026-05-03 20:10:17.742875
Rancagua,Rancagua I,"Rancagua I, Chile",2026-05-03 14:00:00,38,38,33,22.3,4,39.6,2026-05-03 20:10:17.894191
Temuco,Nielol,"Ñielol, Chile",2026-05-03 15:00:00,61,61,16,10,4.1,93.5,2026-05-03 20:10:18.044528
Temuco,Las Encinas,"Las Encinas Temuco, Chile",2026-05-03 15:00:00,68,68,17,10,4.1,93.5,2026-05-03 20:10:18.197315
Temuco,Padre Las Casas II,"Padre Las Casas II, Chile",2026-05-03 15:00:00,53,53,11,10,4.1,93.5,2026-05-03 20:10:18.348568
Valdivia,Valdivia 2,"Valdivia 2, Chile",2026-05-03 15:00:00,61,61,20,11.6,2,99,2026-05-03 20:10:18.499707
Valdivia,Valdivia,"Valdivia, Chile",2026-05-03 15:00:00,57,57,13,11.6,2,99,2026-05-03 20:10:18.652819
Osorno,Osorno,"Osorno, Chile",2026-05-03 15:00:00,59,59,19,11.6,1.7,99,2026-05-03 20:10:18.831933
Talca,La Florida 2,"La Florida 2, Chile",2026-05-03 18:00:00,97,97,43,15.6,2.5,60.2,2026-05-03 23:34:09.0941
Talca,U.C. Maule,"U.C. Maule, Chile",2026-05-03 19:00:00,109,109,43,15.6,2.5,60.2,2026-05-03 23:34:09.242499
Talca,Universidad de Talca,"Universidad de Talca, Chile",2026-05-03 18:00:00,76,76,38,15.6,2.5,60.2,2026-05-03 23:34:09.38992
Los Angeles,Los Angeles Oriente,"Los Ángeles Oriente, Chile",2026-05-03 18:00:00,65,65,20,12.7,0.8,99,2026-05-03 23:34:09.537396
Los Angeles,21 de Mayo 2,"21 de mayo 2, Chile",2026-05-03 18:00:00,80,80,22,12.7,0.8,99,2026-05-03 23:34:09.684137
Chillan,INIA Chillan,"INIA, Chillán, Chile",2026-05-03 18:00:00,46,46,10,12.9,0.8,99,2026-05-03 23:34:09.830761
Chillan,Puren,"Puren, Chile",2026-05-03 18:00:00,89,89,38,12.7,0.8,99,2026-05-03 23:34:09.97775
Rancagua,Rancagua II,"Rancagua II, Chile",2026-05-03 18:00:00,38,38,20,19.5,0.7,39,2026-05-03 23:34:10.124823
Rancagua,Rancagua I,"Rancagua I, Chile",2026-05-03 18:00:00,34,34,25,19.5,0.7,39,2026-05-03 23:34:10.271506
Temuco,Nielol,"Ñielol, Chile",2026-05-03 18:00:00,93,93,25,10,4.1,93.5,2026-05-03 23:34:10.418265
Temuco,Las Encinas,"Las Encinas Temuco, Chile",2026-05-03 18:00:00,74,74,22,10,4.1,93.5,2026-05-03 23:34:10.565064
Temuco,Padre Las Casas II,"Padre Las Casas II, Chile",2026-05-03 18:00:00,50,50,6,10,4.1,93.5,2026-05-03 23:34:10.711806
Valdivia,Valdivia 2,"Valdivia 2, Chile",2026-05-03 18:00:00,65,65,24,11.6,0.5,97,2026-05-03 23:34:10.85814
Valdivia,Valdivia,"Valdivia, Chile",2026-05-03 18:00:00,74,74,20,11.7,0.7,97,2026-05-03 23:34:11.006278
Osorno,Osorno,"Osorno, Chile",2026-05-03 18:00:00,76,76,29,11.6,0.6,97,2026-05-03 23:34:11.157315
Talca,La Florida 2,"La Florida 2, Chile",2026-05-04 03:00:00,137,137,49,11.4,0.5,86.9,2026-05-04 08:49:06.232081
Talca,U.C. Maule,"U.C. Maule, Chile",2026-05-04 03:00:00,129,129,45,11.4,0.5,86.9,2026-05-04 08:49:06.396556
Talca,Universidad de Talca,"Universidad de Talca, Chile",2026-05-04 04:00:00,129,129,51,11.4,0.5,86.9,2026-05-04 08:49:06.560281
Los Angeles,Los Angeles Oriente,"Los Ángeles Oriente, Chile",2026-05-04 04:00:00,95,95,45,12.2,0.1,99,2026-05-04 08:49:06.724571
Los Angeles,21 de Mayo 2,"21 de mayo 2, Chile",2026-05-04 04:00:00,82,82,30,12.2,0.1,99,2026-05-04 08:49:06.888938
Chillan,INIA Chillan,"INIA, Chillán, Chile",2026-05-04 03:00:00,25,25,4,12.2,0.2,99,2026-05-04 08:49:07.052689
Chillan,Puren,"Puren, Chile",2026-05-04 04:00:00,53,53,17,12.2,0.1,99,2026-05-04 08:49:07.217245
Rancagua,Rancagua II,"Rancagua II, Chile",2026-05-04 03:00:00,65,65,47,10,0.8,89.4,2026-05-04 08:49:07.38139
Rancagua,Rancagua I,"Rancagua I, Chile",2026-05-04 04:00:00,42,42,22,10,0.8,89.4,2026-05-04 08:49:07.544383
Temuco,Nielol,"Ñielol, Chile",2026-05-04 04:00:00,65,65,21,8.7,1.5,100,2026-05-04 08:49:07.708117
Temuco,Las Encinas,"Las Encinas Temuco, Chile",2026-05-04 04:00:00,74,74,23,8.7,1.5,100,2026-05-04 08:49:07.872865
Temuco,Padre Las Casas II,"Padre Las Casas II, Chile",2026-05-04 03:00:00,63,63,15,8.7,1.5,100,2026-05-04 08:49:08.036304
Valdivia,Valdivia 2,"Valdivia 2, Chile",2026-05-04 04:00:00,38,38,14,10.5,1.4,97.6,2026-05-04 08:49:08.200489
Valdivia,Valdivia,"Valdivia, Chile",2026-05-04 03:00:00,55,55,18,10.5,1.5,97.5,2026-05-04 08:49:08.363722
Osorno,Osorno,"Osorno, Chile",2026-05-04 04:00:00,30,30,12,10.5,1.2,97.7,2026-05-04 08:49:08.528591
